GENUS,SUBGENUS ,SECTION,SERIES,SUBSERIES,SPECIES,SUBSPECIES,BINOMIAL
Angophora,,,‘Costatitae’ ms,,costata,euryphylla,Angophora_costata
Angophora,,,‘Costatitae’ ms,,costata,costata,Angophora_costata
Angophora,,,‘Costatitae’ ms,,leiocarpa,,Angophora_leiocarpa
Angophora,,,Angophora,‘Floribundinae’ ms,bakeri,bakeri,Angophora_bakeri
Angophora,,,Angophora,‘Floribundinae’ ms,bakeri,crassifolia,Angophora_bakeri
Angophora,,,Angophora,‘Floribundinae’ ms,inopina,,Angophora_inopina
Angophora,,,Angophora,‘Floribundinae’ ms,floribunda,,Angophora_floribunda
Angophora,,,Angophora,‘Floribundinae’ ms,woodsiana,,Angophora_woodsiana
Angophora,,,Angophora,‘Melanoxylon’ ms,melanoxylon,,Angophora_melanoxylon
Angophora,,,Angophora,‘Angophora’ ms,subvelutina,,Angophora_subvelutina
Angophora,,,Angophora,‘Angophora’ ms,robur,,Angophora_robur
Angophora,,,Angophora,‘Angophora’ ms,hispida,,Angophora_hispida
Angophora,,,Inter-series hybrid,,× exul (= A. floribunda × A. leiocarpa),,Angophora_exul
Corymbia,Corymbia,Calophyllae,,,haematoxylon,,Corymbia_haematoxylon
Corymbia,Corymbia,Calophyllae,,,chlorolampra,,Corymbia_chlorolampra
Corymbia,Corymbia,Calophyllae,,,calophylla,,Corymbia_calophylla
Corymbia,Corymbia,Calophyllae,,,ficifolia,,Corymbia_ficifolia
Corymbia,Corymbia,Corymbia,‘Cymbiformes’ ms,,gummifera,,Corymbia_gummifera
Corymbia,Corymbia,Corymbia,‘Jacobsianae’ ms,,jacobsiana,,Corymbia_jacobsiana
Corymbia,Corymbia,Corymbia,‘Trachyphloiae’ ms,,trachyphloia,,Corymbia_trachyphloia
Corymbia,Corymbia,Corymbia,‘Dorsiventrales’ ms,,ptychocarpa,ptychocarpa,Corymbia_ptychocarpa
Corymbia,Corymbia,Corymbia,‘Dorsiventrales’ ms,,ptychocarpa,aptycha,Corymbia_ptychocarpa
Corymbia,Corymbia,Corymbia,‘Dorsiventrales’ ms,,abergiana,,Corymbia_abergiana
Corymbia,Corymbia,Corymbia,‘Dorsiventrales’ ms,,polycarpa,,Corymbia_polycarpa
Corymbia,Corymbia,Corymbia,‘Dorsiventrales’ ms,,novoguinensis,,Corymbia_novoguinensis
Corymbia,Corymbia,Corymbia,‘Dorsiventrales’ ms,,clarksoniana,,Corymbia_clarksoniana
Corymbia,Corymbia,Corymbia,‘Dorsiventrales’ ms,,ligans,,Corymbia_ligans
Corymbia,Corymbia,Corymbia,‘Dorsiventrales’ ms,,plena,,Corymbia_plena
Corymbia,Corymbia,Corymbia,‘Dorsiventrales’ ms,,clandestina,,Corymbia_clandestina
Corymbia,Corymbia,Corymbia,‘Dorsiventrales’ ms,,brachycarpa,,Corymbia_brachycarpa
Corymbia,Corymbia,Corymbia,‘Dorsiventrales’ ms,,hylandii,,Corymbia_hylandii
Corymbia,Corymbia,Corymbia,‘Dorsiventrales’ ms,,stockeri,peninsularis,Corymbia_stockeri
Corymbia,Corymbia,Corymbia,‘Dorsiventrales’ ms,,stockeri,stockeri,Corymbia_stockeri
Corymbia,Corymbia,Corymbia,‘Dorsiventrales’ ms,,hendersonii,,Corymbia_hendersonii
Corymbia,Corymbia,Corymbia,‘Dorsiventrales’ ms,,xanthope,,Corymbia_xanthope
Corymbia,Corymbia,Corymbia,‘Dorsiventrales’ ms,,intermedia,,Corymbia_intermedia
Corymbia,Corymbia,Corymbia,‘Dorsiventrales’ ms,,rhodops,,Corymbia_rhodops
Corymbia,Corymbia,Corymbia,‘Dorsiventrales’ ms,,serendipita,,Corymbia_serendipita
Corymbia,Corymbia,Corymbia,‘Dorsiventrales’ ms,,arnhemensis,,Corymbia_arnhemensis
Corymbia,Corymbia,Corymbia,‘Dorsiventrales’ ms,,arenaria,,Corymbia_arenaria
Corymbia,Corymbia,Corymbia,‘Isobilaterales’ ms,‘Peltiformes’ ms,nesophila,,Corymbia_nesophila
Corymbia,Corymbia,Corymbia,‘Isobilaterales’ ms,‘Peltiformes’ ms,bleeseri,,Corymbia_bleeseri
Corymbia,Corymbia,Corymbia,‘Isobilaterales’ ms,‘Peltiformes’ ms,collina,,Corymbia_collina
Corymbia,Corymbia,Corymbia,‘Isobilaterales’ ms,‘Limitaneae’ ms,oocarpa,,Corymbia_oocarpa
Corymbia,Corymbia,Corymbia,‘Isobilaterales’ ms,‘Limitaneae’ ms,dichromophloia,,Corymbia_dichromophloia
Corymbia,Corymbia,Corymbia,‘Isobilaterales’ ms,‘Limitaneae’ ms,capricornia,,Corymbia_capricornia
Corymbia,Corymbia,Corymbia,‘Isobilaterales’ ms,‘Limitaneae’ ms,drysdalensis,,Corymbia_drysdalensis
Corymbia,Corymbia,Corymbia,‘Isobilaterales’ ms,‘Limitaneae’ ms,umbonata,,Corymbia_umbonata
Corymbia,Corymbia,Corymbia,‘Isobilaterales’ ms,‘Limitaneae’ ms,erythrophloia,,Corymbia_erythrophloia
Corymbia,Corymbia,Corymbia,‘Isobilaterales’ ms,‘Limitaneae’ ms,pocillum,,Corymbia_pocillum
Corymbia,Corymbia,Corymbia,‘Isobilaterales’ ms,‘Limitaneae’ ms,ellipsoidea,,Corymbia_ellipsoidea
Corymbia,Corymbia,Corymbia,‘Isobilaterales’ ms,‘Limitaneae’ ms,cliftoniana,,Corymbia_cliftoniana
Corymbia,Corymbia,Corymbia,‘Isobilaterales’ ms,‘Limitaneae’ ms,chippendalei,,Corymbia_chippendalei
Corymbia,Corymbia,Corymbia,‘Isobilaterales’ ms,‘Limitaneae’ ms,eremaea,oligocarpa,Corymbia_eremaea
Corymbia,Corymbia,Corymbia,‘Isobilaterales’ ms,‘Limitaneae’ ms,eremaea,eremaea,Corymbia_eremaea
Corymbia,Corymbia,Corymbia,‘Isobilaterales’ ms,‘Limitaneae’ ms,lenziana,,Corymbia_lenziana
Corymbia,Corymbia,Corymbia,‘Isobilaterales’ ms,‘Limitaneae’ ms,opaca,,Corymbia_opaca
Corymbia,Corymbia,Corymbia,‘Isobilaterales’ ms,‘Limitaneae’ ms,hamersleyana,,Corymbia_hamersleyana
Corymbia,Corymbia,Corymbia,‘Isobilaterales’ ms,‘Limitaneae’ ms,terminalis,,Corymbia_terminalis
Corymbia,Corymbia,Corymbia,‘Isobilaterales’ ms,‘Limitaneae’ ms,greeniana,,Corymbia_greeniana
Corymbia,Corymbia,Corymbia,‘Isobilaterales’ ms,‘Limitaneae’ ms,byrnesii,,Corymbia_byrnesii
Corymbia,Corymbia,Corymbia,‘Isobilaterales’ ms,‘Limitaneae’ ms,foelscheana,,Corymbia_foelscheana
Corymbia,Corymbia,Corymbia,‘Isobilaterales’ ms,‘Limitaneae’ ms,latifolia,,Corymbia_latifolia
Corymbia,Corymbia,Corymbia,‘Isobilaterales’ ms,‘Limitaneae’ ms,porrecta,,Corymbia_porrecta
Corymbia,Corymbia,Corymbia,‘Isobilaterales’ ms,‘Limitaneae’ ms,semiclara (= C. hamerselyana - C. opaca intergrade),,Corymbia_semiclara
Corymbia,Corymbia,Corymbia,‘Isobilaterales’ ms,‘Limitaneae’ ms,opacula (= C. hamerselyana - C. opaca intergrade),,Corymbia_opacula
Corymbia,Corymbia,Corymbia,‘Isobilaterales’ ms,‘Limitaneae’ ms,pedimontana (= C. hamerselyana - C. opaca intergrade),,Corymbia_pedimontana
Corymbia,Corymbia,Corymbia,‘Terminalipterae’ ms,,ferruginea,ferruginea,Corymbia_ferruginea
Corymbia,Corymbia,Corymbia,‘Terminalipterae’ ms,,ferruginea,stypophylla,Corymbia_ferruginea
Corymbia,Corymbia,Corymbia,‘Terminalipterae’ ms,,abbreviata,,Corymbia_abbreviata
Corymbia,Corymbia,Corymbia,‘Terminalipterae’ ms,,cadophora,pliantha,Corymbia_cadophora
Corymbia,Corymbia,Corymbia,‘Terminalipterae’ ms,,cadophora,cadophora,Corymbia_cadophora
Corymbia,Corymbia,Corymbia,‘Terminalipterae’ ms,,zygophylla,,Corymbia_zygophylla
Corymbia,Corymbia,Corymbia,‘Terminalipterae’ ms,,pachycarpa,,Corymbia_pachycarpa
Corymbia,Corymbia,Corymbia,‘Terminalipterae’ ms,,sphaerica,,Corymbia_sphaerica
Corymbia,Corymbia,Corymbia,‘Terminalipterae’ ms,,papillosa,,Corymbia_papillosa
Corymbia,Corymbia,Corymbia,‘Terminalipterae’ ms,,chartacea,,Corymbia_chartacea
Corymbia,Corymbia,Corymbia,‘Terminalipterae’ ms,,dunlopiana,,Corymbia_dunlopiana
Corymbia,Corymbia,Corymbia,‘Terminalipterae’ ms,,setosa,pedicellaris,Corymbia_setosa
Corymbia,Corymbia,Corymbia,‘Terminalipterae’ ms,,setosa,setosa,Corymbia_setosa
Corymbia,Corymbia,Corymbia,‘Terminalipterae’ ms,,deserticola,deserticola,Corymbia_deserticola
Corymbia,Corymbia,Corymbia,‘Terminalipterae’ ms,,deserticola,mesogeotica,Corymbia_deserticola
Corymbia,Blakella,Naviculares,,,eximia,,Corymbia_eximia
Corymbia,Blakella,Naviculares,,,petalophylla,,Corymbia_petalophylla
Corymbia,Blakella,Naviculares,,,watsoniana,capillata,Corymbia_watsoniana
Corymbia,Blakella,Naviculares,,,watsoniana,watsoniana,Corymbia_watsoniana
Corymbia,Blakella,Naviculares,,,scabrida,,Corymbia_scabrida
Corymbia,Blakella,Naviculares,,,peltata,,Corymbia_peltata
Corymbia,Blakella,Naviculares,,,dimorpha,,Corymbia_dimorpha
Corymbia,Blakella,Naviculares,,,leichhardtii,,Corymbia_leichhardtii
Corymbia,Blakella,Naviculares,,,bunites,,Corymbia_bunites
Corymbia,Blakella,Naviculares,,,aureola,,Corymbia_aureola
Corymbia,Blakella,Naviculares,,,bloxsomei,,Corymbia_bloxsomei
Corymbia,Blakella,Naviculares,,,leptoloma,,Corymbia_leptoloma
Corymbia,Blakella,Torellianae,,,torelliana,,Corymbia_torelliana
Corymbia,Blakella,Maculatae,,,citriodora,,Corymbia_citriodora
Corymbia,Blakella,Maculatae,,,variegata,,Corymbia_variegata
Corymbia,Blakella,Maculatae,,,maculata,,Corymbia_maculata
Corymbia,Blakella,Abbreviatae,‘Tessellatae’ ms,,tessellaris,,Corymbia_tessellaris
Corymbia,Blakella,Abbreviatae,‘Tessellatae’ ms,,papuana,,Corymbia_papuana
Corymbia,Blakella,Abbreviatae,‘Tessellatae’ ms,,arafurica,,Corymbia_arafurica
Corymbia,Blakella,Abbreviatae,‘Tessellatae’ ms,,bella,,Corymbia_bella
Corymbia,Blakella,Abbreviatae,‘Scutiformes’ ms,,torta,,Corymbia_torta
Corymbia,Blakella,Abbreviatae,‘Scutiformes’ ms,,kombolgiensis,,Corymbia_kombolgiensis
Corymbia,Blakella,Abbreviatae,‘Scutiformes’ ms,,clavigera,,Corymbia_clavigera
Corymbia,Blakella,Abbreviatae,‘Scutiformes’ ms,,sp. Prince Regent River (Barrett 3750 & Barrett),,Corymbia_sp.PrinceRegentRiver(Barrett3750&Barrett)
Corymbia,Blakella,Abbreviatae,‘Scutiformes’ ms,,polysciada,,Corymbia_polysciada
Corymbia,Blakella,Abbreviatae,‘Scutiformes’ ms,,disjuncta,,Corymbia_disjuncta
Corymbia,Blakella,Abbreviatae,‘Scutiformes’ ms,,pauciseta,,Corymbia_pauciseta
Corymbia,Blakella,Abbreviatae,‘Scutiformes’ ms,,karelgica,,Corymbia_karelgica
Corymbia,Blakella,Abbreviatae,‘Scutiformes’ ms,,confertiflora,,Corymbia_confertiflora
Corymbia,Blakella,Abbreviatae,‘Scutiformes’ ms,,dendromerinx,,Corymbia_dendromerinx
Corymbia,Blakella,Abbreviatae,‘Scutiformes’ ms,,aspera,,Corymbia_aspera
Corymbia,Blakella,Abbreviatae,‘Scutiformes’ ms,,candida,,Corymbia_candida
Corymbia,Blakella,Abbreviatae,‘Scutiformes’ ms,,gilbertensis,,Corymbia_gilbertensis
Corymbia,Blakella,Abbreviatae,‘Scutiformes’ ms,,ferriticola,,Corymbia_ferriticola
Corymbia,Blakella,Abbreviatae,‘Scutiformes’ ms,,blakei,,Corymbia_blakei
Corymbia,Blakella,Abbreviatae,‘Scutiformes’ ms,,aparrerinja,,Corymbia_aparrerinja
Corymbia,Blakella,Abbreviatae,‘Scutiformes’ ms,,dallachiana,,Corymbia_dallachiana
Corymbia,Blakella,Abbreviatae,‘Scutiformes’ ms,,flavescens,,Corymbia_flavescens
Corymbia,Blakella,Abbreviatae,‘Scutiformes’ ms,,grandifolia,grandifolia,Corymbia_grandifolia
Corymbia,Blakella,Abbreviatae,‘Scutiformes’ ms,,grandifolia,lamprocardia,Corymbia_grandifolia
Corymbia,Blakella,Abbreviatae,‘Scutiformes’ ms,,grandifolia,longa,Corymbia_grandifolia
Corymbia,Blakella,Abbreviatae,‘Scutiformes’ ms,,candida subsp. lautifolia (= C. candida - C. flavescens intergrade),,Corymbia_candida
Corymbia,Blakella,Abbreviatae,‘Scutiformes’ ms,,× chillagoensis (= C. confertiflora × C. dallachiana),,Corymbia_chillagoensis
Corymbia,Blakella,Abbreviatae,‘Scutiformes’ ms,,paractia (= C. dendromerinx - C. flavescens intergrade),,Corymbia_paractia
Corymbia,Inter-subgenus hybrid,,,,× nowraensis (= C. gummifera × C. maculata),,Corymbia_nowraensis
Eucalyptus,Eudesmia,Complanatae,Tetrodontae,,tetrodonta,,Eucalyptus_tetrodonta
Eucalyptus,Eudesmia,Complanatae,Tetrodontae,  ,megasepala,,Eucalyptus_megasepala
Eucalyptus,Eudesmia,Complanatae,Similes,,lirata,,Eucalyptus_lirata
Eucalyptus,Eudesmia,Complanatae,Similes,,similis,,Eucalyptus_similis
Eucalyptus,Eudesmia,Complanatae,Miniatae,Inclinatae,chartaboma,,Eucalyptus_chartaboma
Eucalyptus,Eudesmia,Complanatae,Miniatae,Inclinatae,aurantiaca,,Eucalyptus_aurantiaca
Eucalyptus,Eudesmia,Complanatae,Miniatae,Inclinatae,miniata,,Eucalyptus_miniata
Eucalyptus,Eudesmia,Complanatae,Miniatae,Inclinatae,gigantangion,,Eucalyptus_gigantangion
Eucalyptus,Eudesmia,Complanatae,Miniatae,Phoeniceosae,sp. Battlecamp (Nicolle 1789),,Eucalyptus_sp.Battlecamp(Nicolle1789)
Eucalyptus,Eudesmia,Complanatae,Miniatae,Phoeniceosae,phoenicea,,Eucalyptus_phoenicea
Eucalyptus,Eudesmia,Complanatae,Miniatae,Phoeniceosae,ceracea,,Eucalyptus_ceracea
Eucalyptus,Eudesmia,Complanatae,Scutelliformes,,baileyana,,Eucalyptus_baileyana
Eucalyptus,Eudesmia,Limbatae,Heteropterae,Patelliformes,odontocarpa,,Eucalyptus_odontocarpa
Eucalyptus,Eudesmia,Limbatae,Heteropterae,Patelliformes,gamophylla,,Eucalyptus_gamophylla
Eucalyptus,Eudesmia,Limbatae,Heteropterae,Acetabuliformes,gongylocarpa,,Eucalyptus_gongylocarpa
Eucalyptus,Eudesmia,Limbatae,Heteropterae,Tetraedrae,pallida,,Eucalyptus_pallida
Eucalyptus,Eudesmia,Limbatae,Heteropterae,Tetraedrae,eudesmioides,,Eucalyptus_eudesmioides
Eucalyptus,Eudesmia,Limbatae,Heteropterae,Tetraedrae,selachiana,,Eucalyptus_selachiana
Eucalyptus,Eudesmia,Limbatae,Heteropterae,Tetraedrae,gittinsii,gittinsii ,Eucalyptus_gittinsii
Eucalyptus,Eudesmia,Limbatae,Heteropterae,Tetraedrae,gittinsii,illucida,Eucalyptus_gittinsii
Eucalyptus,Eudesmia,Limbatae,Heteropterae,Tetraedrae,pleurocarpa,,Eucalyptus_pleurocarpa
Eucalyptus,Eudesmia,Limbatae,Heteropterae,Tetraedrae,extrica,,Eucalyptus_extrica
Eucalyptus,Eudesmia,Limbatae,Heteropterae,Tetraedrae,tetragona (= E. extrica - E. pleurocarpa intergrade),,Eucalyptus_tetragona
Eucalyptus,Eudesmia,Limbatae,Heteropterae,Tetraedrae,conveniens (= E. gittinsii subsp. illucida - E. pleurocarpa intergrade),,Eucalyptus_conveniens
Eucalyptus,Eudesmia,Limbatae,Heteropterae,Jucundae,erythrocorys,,Eucalyptus_erythrocorys
Eucalyptus,Eudesmia,Limbatae,Heteropterae,Jucundae,roycei,,Eucalyptus_roycei
Eucalyptus,Eudesmia,Limbatae,Heteropterae,Jucundae,jucunda,,Eucalyptus_jucunda
Eucalyptus,Eudesmia,Limbatae,Ebbanoenses,,ebbanoensis,glauciramula,Eucalyptus_ebbanoensis
Eucalyptus,Eudesmia,Limbatae,Ebbanoenses,,ebbanoensis,ebbanoensis,Eucalyptus_ebbanoensis
Eucalyptus,Eudesmia,Limbatae,Ebbanoenses,,ebbanoensis,photina,Eucalyptus_ebbanoensis
Eucalyptus,Acerosae,,,,curtisii,curtisii,Eucalyptus_curtisii
Eucalyptus,Acerosae,,,,curtisii,Inland (Brooker 9788),Eucalyptus_curtisii
Eucalyptus,Cuboidea,,,,tenuipes,,Eucalyptus_tenuipes
Eucalyptus,Alveolata,,,,microcorys,,Eucalyptus_microcorys
Eucalyptus,Cruciformes,,,,guilfoylei,,Eucalyptus_guilfoylei
Eucalyptus,Symphyomyrtus,Bolites,,,gomphocephala,,Eucalyptus_gomphocephala
Eucalyptus,Symphyomyrtus,‘Glandulosae’ ms,Accedentes,,laeliae,,Eucalyptus_laeliae
Eucalyptus,Symphyomyrtus,‘Glandulosae’ ms,Accedentes,,accedens,,Eucalyptus_accedens
Eucalyptus,Symphyomyrtus,‘Glandulosae’ ms,Accedentes,,zopherophloia,,Eucalyptus_zopherophloia
Eucalyptus,Symphyomyrtus,‘Glandulosae’ ms,Accedentes,,baiophylla,,Eucalyptus_baiophylla
Eucalyptus,Symphyomyrtus,‘Glandulosae’ ms,Accedentes,,prominens,,Eucalyptus_prominens
Eucalyptus,Symphyomyrtus,‘Glandulosae’ ms,Accedentes,,pilbarensis,,Eucalyptus_pilbarensis
Eucalyptus,Symphyomyrtus,‘Glandulosae’ ms,Accedentes,,trivalva,,Eucalyptus_trivalva
Eucalyptus,Symphyomyrtus,‘Glandulosae’ ms,Accedentes,,× leprophloia (= E. accedens × E. zopherophloia),,Eucalyptus_leprophloia
Eucalyptus,Symphyomyrtus,‘Glandulosae’ ms,Loxophlebae,,loxophleba,loxophleba,Eucalyptus_loxophleba
Eucalyptus,Symphyomyrtus,‘Glandulosae’ ms,Loxophlebae,,loxophleba,supralaevis,Eucalyptus_loxophleba
Eucalyptus,Symphyomyrtus,‘Glandulosae’ ms,Loxophlebae,,loxophleba,lissophloia,Eucalyptus_loxophleba
Eucalyptus,Symphyomyrtus,‘Glandulosae’ ms,Loxophlebae,,loxophleba,gratiae,Eucalyptus_loxophleba
Eucalyptus,Symphyomyrtus,‘Glandulosae’ ms,Loxophlebae,,blaxellii,,Eucalyptus_blaxellii
Eucalyptus,Symphyomyrtus,‘Glandulosae’ ms,Loxophlebae,,articulata,,Eucalyptus_articulata
Eucalyptus,Symphyomyrtus,‘Glandulosae’ ms,Loxophlebae,,semota,,Eucalyptus_semota
Eucalyptus,Symphyomyrtus,‘Glandulosae’ ms,Kruseanae,,kruseana,,Eucalyptus_kruseana
Eucalyptus,Symphyomyrtus,‘Glandulosae’ ms,Contortae,,effusa ,exsul,Eucalyptus_effusa
Eucalyptus,Symphyomyrtus,‘Glandulosae’ ms,Contortae,,effusa ,effusa,Eucalyptus_effusa
Eucalyptus,Symphyomyrtus,‘Glandulosae’ ms,Contortae,,salubris,,Eucalyptus_salubris
Eucalyptus,Symphyomyrtus,‘Glandulosae’ ms,Contortae,,ravida,,Eucalyptus_ravida
Eucalyptus,Symphyomyrtus,‘Glandulosae’ ms,Contortae,,jimberlanica,,Eucalyptus_jimberlanica
Eucalyptus,Symphyomyrtus,‘Glandulosae’ ms,Contortae,,campaspe,,Eucalyptus_campaspe
Eucalyptus,Symphyomyrtus,‘Glandulosae’ ms,Contortae,,tortilis,,Eucalyptus_tortilis
Eucalyptus,Symphyomyrtus,‘Glandulosae’ ms,Contortae,,terebra,,Eucalyptus_terebra
Eucalyptus,Symphyomyrtus,‘Glandulosae’ ms,Contortae,,diptera,,Eucalyptus_diptera
Eucalyptus,Symphyomyrtus,‘Glandulosae’ ms,Contortae,,creta,,Eucalyptus_creta
Eucalyptus,Symphyomyrtus,‘Glandulosae’ ms,Obliquae,,grossa,,Eucalyptus_grossa
Eucalyptus,Symphyomyrtus,‘Glandulosae’ ms,Stricklandianae,,stricklandii,,Eucalyptus_stricklandii
Eucalyptus,Symphyomyrtus,‘Glandulosae’ ms,Stricklandianae,,carnei,,Eucalyptus_carnei
Eucalyptus,Symphyomyrtus,‘Glandulosae’ ms,Elongatae,,armillata,,Eucalyptus_armillata
Eucalyptus,Symphyomyrtus,‘Glandulosae’ ms,Elongatae,,erythronema ,erythronema,Eucalyptus_erythronema
Eucalyptus,Symphyomyrtus,‘Glandulosae’ ms,Elongatae,,erythronema ,inornata,Eucalyptus_erythronema
Eucalyptus,Symphyomyrtus,‘Glandulosae’ ms,Elongatae,,dielsii,,Eucalyptus_dielsii
Eucalyptus,Symphyomyrtus,‘Glandulosae’ ms,Elongatae,,cerasiformis,,Eucalyptus_cerasiformis
Eucalyptus,Symphyomyrtus,‘Glandulosae’ ms,Elongatae,,cylindriflora,,Eucalyptus_cylindriflora
Eucalyptus,Symphyomyrtus,‘Glandulosae’ ms,Clinatae,,vegrandis ,vegrandis,Eucalyptus_vegrandis
Eucalyptus,Symphyomyrtus,‘Glandulosae’ ms,Clinatae,,vegrandis ,recondita,Eucalyptus_vegrandis
Eucalyptus,Symphyomyrtus,‘Glandulosae’ ms,Clinatae,,cernua,,Eucalyptus_cernua
Eucalyptus,Symphyomyrtus,‘Glandulosae’ ms,Clinatae,,proxima,,Eucalyptus_proxima
Eucalyptus,Symphyomyrtus,‘Glandulosae’ ms,Clinatae,,vesiculosa,,Eucalyptus_vesiculosa
Eucalyptus,Symphyomyrtus,‘Glandulosae’ ms,Erectae,Abundae,nutans,,Eucalyptus_nutans
Eucalyptus,Symphyomyrtus,‘Glandulosae’ ms,Erectae,Abundae,platypus ,platypus,Eucalyptus_platypus
Eucalyptus,Symphyomyrtus,‘Glandulosae’ ms,Erectae,Abundae,platypus ,congregata,Eucalyptus_platypus
Eucalyptus,Symphyomyrtus,‘Glandulosae’ ms,Erectae,Abundae,utilis,,Eucalyptus_utilis
Eucalyptus,Symphyomyrtus,‘Glandulosae’ ms,Erectae,Abundae,spathulata ,salina,Eucalyptus_spathulata
Eucalyptus,Symphyomyrtus,‘Glandulosae’ ms,Erectae,Abundae,spathulata ,spathulata,Eucalyptus_spathulata
Eucalyptus,Symphyomyrtus,‘Glandulosae’ ms,Erectae,Abundae,orthostemon,,Eucalyptus_orthostemon
Eucalyptus,Symphyomyrtus,‘Glandulosae’ ms,Erectae,Abundae,suggrandis,suggrandis,Eucalyptus_suggrandis
Eucalyptus,Symphyomyrtus,‘Glandulosae’ ms,Erectae,Abundae,suggrandis,promiscua,Eucalyptus_suggrandis
Eucalyptus,Symphyomyrtus,‘Glandulosae’ ms,Erectae,Abundae,alipes,,Eucalyptus_alipes
Eucalyptus,Symphyomyrtus,‘Glandulosae’ ms,Erectae,Abundae,mimica ,continens,Eucalyptus_mimica
Eucalyptus,Symphyomyrtus,‘Glandulosae’ ms,Erectae,Abundae,mimica ,mimica,Eucalyptus_mimica
Eucalyptus,Symphyomyrtus,‘Glandulosae’ ms,Erectae,Abundae,steedmanii,,Eucalyptus_steedmanii
Eucalyptus,Symphyomyrtus,‘Glandulosae’ ms,Erectae,Abundae,goniocarpa,,Eucalyptus_goniocarpa
Eucalyptus,Symphyomyrtus,‘Glandulosae’ ms,Erectae,Abundae,eremophila,eremophila,Eucalyptus_eremophila
Eucalyptus,Symphyomyrtus,‘Glandulosae’ ms,Erectae,Abundae,eremophila,Nullarbor coast (Nicolle 5976 & French),Eucalyptus_eremophila
Eucalyptus,Symphyomyrtus,‘Glandulosae’ ms,Erectae,Abundae,tenera,,Eucalyptus_tenera
Eucalyptus,Symphyomyrtus,‘Glandulosae’ ms,Erectae,Abundae,tephroclada,,Eucalyptus_tephroclada
Eucalyptus,Symphyomyrtus,‘Glandulosae’ ms,Erectae,Abundae,incerata,,Eucalyptus_incerata
Eucalyptus,Symphyomyrtus,‘Glandulosae’ ms,Erectae,Pedicellatae,stowardii,,Eucalyptus_stowardii
Eucalyptus,Symphyomyrtus,‘Glandulosae’ ms,Erectae,Pedicellatae,diminuta,,Eucalyptus_diminuta
Eucalyptus,Symphyomyrtus,‘Glandulosae’ ms,Erectae,Pedicellatae,sargentii ,sargentii,Eucalyptus_sargentii
Eucalyptus,Symphyomyrtus,‘Glandulosae’ ms,Erectae,Pedicellatae,sargentii ,onesis,Eucalyptus_sargentii
Eucalyptus,Symphyomyrtus,‘Glandulosae’ ms,Erectae,Pedicellatae,astringens,astringens,Eucalyptus_astringens
Eucalyptus,Symphyomyrtus,‘Glandulosae’ ms,Erectae,Pedicellatae,astringens,redacta,Eucalyptus_astringens
Eucalyptus,Symphyomyrtus,‘Glandulosae’ ms,Erectae,Pedicellatae,astringens,‘merleae’ ms,Eucalyptus_astringens
Eucalyptus,Symphyomyrtus,‘Glandulosae’ ms,Erectae,Pedicellatae,thamnoides,,Eucalyptus_thamnoides
Eucalyptus,Symphyomyrtus,‘Glandulosae’ ms,Erectae,Pedicellatae,sporadica,,Eucalyptus_sporadica
Eucalyptus,Symphyomyrtus,‘Glandulosae’ ms,Erectae,Pedicellatae,aspratilis,,Eucalyptus_aspratilis
Eucalyptus,Symphyomyrtus,‘Glandulosae’ ms,Erectae,Pedicellatae,occidentalis,,Eucalyptus_occidentalis
Eucalyptus,Symphyomyrtus,‘Glandulosae’ ms,Erectae,Annulatae ,protensa,,Eucalyptus_protensa
Eucalyptus,Symphyomyrtus,‘Glandulosae’ ms,Erectae,Annulatae ,extensa,,Eucalyptus_extensa
Eucalyptus,Symphyomyrtus,‘Glandulosae’ ms,Erectae,Annulatae ,annulata,,Eucalyptus_annulata
Eucalyptus,Symphyomyrtus,‘Glandulosae’ ms,Erectae,Inter-subseries hybrid,× calyerup (= E. occidentalis × E. platypus subsp. platypus),,Eucalyptus_calyerup
Eucalyptus,Symphyomyrtus,‘Glandulosae’ ms,Lehmannianae,Cornutae,macrandra,,Eucalyptus_macrandra
Eucalyptus,Symphyomyrtus,‘Glandulosae’ ms,Lehmannianae,Cornutae,cornuta,,Eucalyptus_cornuta
Eucalyptus,Symphyomyrtus,‘Glandulosae’ ms,Lehmannianae,Liberae,talyuberlup,,Eucalyptus_talyuberlup
Eucalyptus,Symphyomyrtus,‘Glandulosae’ ms,Lehmannianae,Liberae,burdettiana,,Eucalyptus_burdettiana
Eucalyptus,Symphyomyrtus,‘Glandulosae’ ms,Lehmannianae,Liberae,newbeyi,,Eucalyptus_newbeyi
Eucalyptus,Symphyomyrtus,‘Glandulosae’ ms,Lehmannianae,Liberae,megacornuta,,Eucalyptus_megacornuta
Eucalyptus,Symphyomyrtus,‘Glandulosae’ ms,Lehmannianae,Conjunctae,mcquoidii,,Eucalyptus_mcquoidii
Eucalyptus,Symphyomyrtus,‘Glandulosae’ ms,Lehmannianae,Conjunctae,sinuosa,,Eucalyptus_sinuosa
Eucalyptus,Symphyomyrtus,‘Glandulosae’ ms,Lehmannianae,Conjunctae,retusa,,Eucalyptus_retusa
Eucalyptus,Symphyomyrtus,‘Glandulosae’ ms,Lehmannianae,Conjunctae,lehmannii,parallela,Eucalyptus_lehmannii
Eucalyptus,Symphyomyrtus,‘Glandulosae’ ms,Lehmannianae,Conjunctae,lehmannii,lehmannii,Eucalyptus_lehmannii
Eucalyptus,Symphyomyrtus,‘Glandulosae’ ms,Lehmannianae,Conjunctae,arborella,,Eucalyptus_arborella
Eucalyptus,Symphyomyrtus,‘Glandulosae’ ms,Lehmannianae,Conjunctae,conferruminata ,conferruminata,Eucalyptus_conferruminata
Eucalyptus,Symphyomyrtus,‘Glandulosae’ ms,Lehmannianae,Conjunctae,conferruminata ,recherche,Eucalyptus_conferruminata
Eucalyptus,Symphyomyrtus,‘Glandulosae’ ms,Lehmannianae,Conjunctae,conferruminata ,Cape Arid (Nicolle 6370 & French),Eucalyptus_conferruminata
Eucalyptus,Symphyomyrtus,‘Glandulosae’ ms,Levispermae,Levispermae,wandoo,wandoo,Eucalyptus_wandoo
Eucalyptus,Symphyomyrtus,‘Glandulosae’ ms,Levispermae,Levispermae,wandoo,pulverea,Eucalyptus_wandoo
Eucalyptus,Symphyomyrtus,‘Glandulosae’ ms,Levispermae,Levispermae,capillosa,,Eucalyptus_capillosa
Eucalyptus,Symphyomyrtus,‘Glandulosae’ ms,Levispermae,Levispermae,livida,,Eucalyptus_livida
Eucalyptus,Symphyomyrtus,‘Glandulosae’ ms,Levispermae,Levispermae,arachnaea,arachnaea,Eucalyptus_arachnaea
Eucalyptus,Symphyomyrtus,‘Glandulosae’ ms,Levispermae,Levispermae,arachnaea,arrecta,Eucalyptus_arachnaea
Eucalyptus,Symphyomyrtus,‘Glandulosae’ ms,Levispermae,Levispermae,phaenophylla,,Eucalyptus_phaenophylla
Eucalyptus,Symphyomyrtus,‘Glandulosae’ ms,Levispermae,Levispermae,tumida,,Eucalyptus_tumida
Eucalyptus,Symphyomyrtus,‘Glandulosae’ ms,Levispermae,Levispermae,histophylla,,Eucalyptus_histophylla
Eucalyptus,Symphyomyrtus,‘Glandulosae’ ms,Levispermae,Levispermae,flavida,,Eucalyptus_flavida
Eucalyptus,Symphyomyrtus,‘Glandulosae’ ms,Levispermae,Levispermae,subangusta,cerina,Eucalyptus_subangusta
Eucalyptus,Symphyomyrtus,‘Glandulosae’ ms,Levispermae,Levispermae,subangusta,subangusta,Eucalyptus_subangusta
Eucalyptus,Symphyomyrtus,‘Glandulosae’ ms,Levispermae,Levispermae,subangusta,pusilla,Eucalyptus_subangusta
Eucalyptus,Symphyomyrtus,‘Glandulosae’ ms,Levispermae,Levispermae,subangusta,virescens,Eucalyptus_subangusta
Eucalyptus,Symphyomyrtus,‘Glandulosae’ ms,Levispermae,Levispermae,subtilis,,Eucalyptus_subtilis
Eucalyptus,Symphyomyrtus,‘Glandulosae’ ms,Levispermae,Levispermae,xanthonema,,Eucalyptus_xanthonema
Eucalyptus,Symphyomyrtus,‘Glandulosae’ ms,Levispermae,Levispermae,melanophitra,,Eucalyptus_melanophitra
Eucalyptus,Symphyomyrtus,‘Glandulosae’ ms,Levispermae,Levispermae,praetermissa,,Eucalyptus_praetermissa
Eucalyptus,Symphyomyrtus,‘Glandulosae’ ms,Levispermae,Levispermae,hebetifolia,,Eucalyptus_hebetifolia
Eucalyptus,Symphyomyrtus,‘Glandulosae’ ms,Levispermae,Levispermae,clivicola,,Eucalyptus_clivicola
Eucalyptus,Symphyomyrtus,‘Glandulosae’ ms,Levispermae,Levispermae,ravensthorpensis,,Eucalyptus_ravensthorpensis
Eucalyptus,Symphyomyrtus,‘Glandulosae’ ms,Levispermae,Levispermae,gardneri,,Eucalyptus_gardneri
Eucalyptus,Symphyomyrtus,‘Glandulosae’ ms,Levispermae,Levispermae,densa,,Eucalyptus_densa
Eucalyptus,Symphyomyrtus,‘Glandulosae’ ms,Levispermae,Levispermae,improcera,,Eucalyptus_improcera
Eucalyptus,Symphyomyrtus,‘Glandulosae’ ms,Levispermae,Levispermae,varia,,Eucalyptus_varia
Eucalyptus,Symphyomyrtus,‘Glandulosae’ ms,Levispermae,Levispermae,redunca,pluricaulis,Eucalyptus_redunca
Eucalyptus,Symphyomyrtus,‘Glandulosae’ ms,Levispermae,Levispermae,redunca,porphyrea,Eucalyptus_redunca
Eucalyptus,Symphyomyrtus,‘Glandulosae’ ms,Levispermae,Levispermae,redunca,redunca,Eucalyptus_redunca
Eucalyptus,Symphyomyrtus,‘Glandulosae’ ms,Levispermae,Levispermae,× abdita (= E. arachnaea subsp. arachnaea × E. redunca subsp. pluricaulis),,Eucalyptus_abdita
Eucalyptus,Symphyomyrtus,‘Glandulosae’ ms,Levispermae,Desmondenses,desmondensis,,Eucalyptus_desmondensis
Eucalyptus,Symphyomyrtus,‘Glandulosae’ ms,Dundasianae ,Desmondenses,dundasii,,Eucalyptus_dundasii
Eucalyptus,Symphyomyrtus,‘Glandulosae’ ms,Inter-series hybrid,,× crispata (= E. accedens × E. arachnaea subsp. arachnaea),,Eucalyptus_crispata
Eucalyptus,Symphyomyrtus,‘Glandulosae’ ms,Inter-series hybrid,,× pruiniramis (= E. accedens × E. loxophleba subsp. loxophleba),,Eucalyptus_pruiniramis
Eucalyptus,Symphyomyrtus,‘Glandulosae’ ms,Inter-series hybrid,,× brachyphylla (= E. kruseana × E. loxophleba subsp. lissophloia),,Eucalyptus_brachyphylla
Eucalyptus,Symphyomyrtus,‘Glandulosae’ ms,Inter-series hybrid,,× bennettiae (= E. lehmannii subsp. parallela × E. sporadica),,Eucalyptus_bennettiae
Eucalyptus,Symphyomyrtus,Bisectae,Decurvae ,,doratoxylon,,Eucalyptus_doratoxylon
Eucalyptus,Symphyomyrtus,Bisectae,Decurvae ,,decurva,,Eucalyptus_decurva
Eucalyptus,Symphyomyrtus,Bisectae,Squamosae,,pachycalyx,pachycalyx,Eucalyptus_pachycalyx
Eucalyptus,Symphyomyrtus,Bisectae,Squamosae,,pachycalyx,waajensis,Eucalyptus_pachycalyx
Eucalyptus,Symphyomyrtus,Bisectae,Squamosae,,pachycalyx,banyabba,Eucalyptus_pachycalyx
Eucalyptus,Symphyomyrtus,Bisectae,Squamosae,,squamosa,,Eucalyptus_squamosa
Eucalyptus,Symphyomyrtus,Bisectae,Micrantherae,Micrantherae ,micranthera,,Eucalyptus_micranthera
Eucalyptus,Symphyomyrtus,Bisectae,Micrantherae,Bakerianae,jutsonii,jutsonii,Eucalyptus_jutsonii
Eucalyptus,Symphyomyrtus,Bisectae,Micrantherae,Bakerianae,jutsonii,kobela,Eucalyptus_jutsonii
Eucalyptus,Symphyomyrtus,Bisectae,Micrantherae,Bakerianae,mannensis,mannensis,Eucalyptus_mannensis
Eucalyptus,Symphyomyrtus,Bisectae,Micrantherae,Bakerianae,mannensis,vespertina,Eucalyptus_mannensis
Eucalyptus,Symphyomyrtus,Bisectae,Micrantherae,Bakerianae,bakeri,,Eucalyptus_bakeri
Eucalyptus,Symphyomyrtus,Bisectae,Angustissimae,,cneorifolia,,Eucalyptus_cneorifolia
Eucalyptus,Symphyomyrtus,Bisectae,Angustissimae,,misella,,Eucalyptus_misella
Eucalyptus,Symphyomyrtus,Bisectae,Angustissimae,,foliosa,,Eucalyptus_foliosa
Eucalyptus,Symphyomyrtus,Bisectae,Angustissimae,,quaerenda,,Eucalyptus_quaerenda
Eucalyptus,Symphyomyrtus,Bisectae,Angustissimae,,angustissima,,Eucalyptus_angustissima
Eucalyptus,Symphyomyrtus,Bisectae,Salmonophloiae ,,salmonophloia,,Eucalyptus_salmonophloia
Eucalyptus,Symphyomyrtus,Bisectae,Falcatae,Rugatae,recta,,Eucalyptus_recta
Eucalyptus,Symphyomyrtus,Bisectae,Falcatae,Rugatae,rugulata,,Eucalyptus_rugulata
Eucalyptus,Symphyomyrtus,Bisectae,Falcatae,Rugatae,ornata,,Eucalyptus_ornata
Eucalyptus,Symphyomyrtus,Bisectae,Falcatae,Rugatae,falcata,,Eucalyptus_falcata
Eucalyptus,Symphyomyrtus,Bisectae,Falcatae,Rugatae,purpurata,,Eucalyptus_purpurata
Eucalyptus,Symphyomyrtus,Bisectae,Falcatae,Rugatae,cooperiana,,Eucalyptus_cooperiana
Eucalyptus,Symphyomyrtus,Bisectae,Falcatae,Rugatae,petrensis,,Eucalyptus_petrensis
Eucalyptus,Symphyomyrtus,Bisectae,Falcatae,Rugatae,opimiflora,,Eucalyptus_opimiflora
Eucalyptus,Symphyomyrtus,Bisectae,Falcatae,Rugatae,dorrienii,,Eucalyptus_dorrienii
Eucalyptus,Symphyomyrtus,Bisectae,Falcatae,Rugatae,ecostata,,Eucalyptus_ecostata
Eucalyptus,Symphyomyrtus,Bisectae,Falcatae,Rugatae,semiglobosa,,Eucalyptus_semiglobosa
Eucalyptus,Symphyomyrtus,Bisectae,Falcatae,Rugatae,notactites,,Eucalyptus_notactites
Eucalyptus,Symphyomyrtus,Bisectae,Falcatae,Rugatae,goniantha ,goniantha,Eucalyptus_goniantha
Eucalyptus,Symphyomyrtus,Bisectae,Falcatae,Rugatae,goniantha ,kynoura,Eucalyptus_goniantha
Eucalyptus,Symphyomyrtus,Bisectae,Falcatae,Rugatae,kessellii,eugnosta,Eucalyptus_kessellii
Eucalyptus,Symphyomyrtus,Bisectae,Falcatae,Rugatae,kessellii,kesselli,Eucalyptus_kessellii
Eucalyptus,Symphyomyrtus,Bisectae,Falcatae,Rugatae,annettae,,Eucalyptus_annettae
Eucalyptus,Symphyomyrtus,Bisectae,Falcatae,Rugatae,× balanopelex (= E. kessellii subsp. eugnosta × E. semiglobosa),,Eucalyptus_balanopelex
Eucalyptus,Symphyomyrtus,Bisectae,Falcatae,Decipientes ,obesa,,Eucalyptus_obesa
Eucalyptus,Symphyomyrtus,Bisectae,Falcatae,Decipientes ,adesmophloia,,Eucalyptus_adesmophloia
Eucalyptus,Symphyomyrtus,Bisectae,Falcatae,Decipientes ,decipens,,Eucalyptus_decipens
Eucalyptus,Symphyomyrtus,Bisectae,Falcatae,Decipientes ,communalis (= E. adesmophloia - E. obesa intergrade),,Eucalyptus_communalis
Eucalyptus,Symphyomyrtus,Bisectae,Falcatae,Decipientes ,decipiens subsp. chalara (= E. adesmophloia - E. decipiens intergrade),,Eucalyptus_decipiens
Eucalyptus,Symphyomyrtus,Bisectae,Brockwayanae ,,brockwayi,,Eucalyptus_brockwayi
Eucalyptus,Symphyomyrtus,Bisectae,Subulatae ,Spirales ,delicata,,Eucalyptus_delicata
Eucalyptus,Symphyomyrtus,Bisectae,Subulatae ,Spirales ,longicornis,,Eucalyptus_longicornis
Eucalyptus,Symphyomyrtus,Bisectae,Subulatae ,Spirales ,oleosa,corvina,Eucalyptus_oleosa
Eucalyptus,Symphyomyrtus,Bisectae,Subulatae ,Spirales ,oleosa,cylindroidea,Eucalyptus_oleosa
Eucalyptus,Symphyomyrtus,Bisectae,Subulatae ,Spirales ,oleosa,oleosa,Eucalyptus_oleosa
Eucalyptus,Symphyomyrtus,Bisectae,Subulatae ,Spirales ,oleosa,ampliata,Eucalyptus_oleosa
Eucalyptus,Symphyomyrtus,Bisectae,Subulatae ,Spirales ,grasbyi,,Eucalyptus_grasbyi
Eucalyptus,Symphyomyrtus,Bisectae,Subulatae ,Oleaginae,longissima,,Eucalyptus_longissima
Eucalyptus,Symphyomyrtus,Bisectae,Subulatae ,Oleaginae,eremicola ,eremicola,Eucalyptus_eremicola
Eucalyptus,Symphyomyrtus,Bisectae,Subulatae ,Oleaginae,eremicola ,peeneri,Eucalyptus_eremicola
Eucalyptus,Symphyomyrtus,Bisectae,Subulatae ,Oleaginae,ultima,,Eucalyptus_ultima
Eucalyptus,Symphyomyrtus,Bisectae,Subulatae ,Oleaginae,kochii ,yellowdinensis,Eucalyptus_kochii
Eucalyptus,Symphyomyrtus,Bisectae,Subulatae ,Oleaginae,kochii ,amaryssia,Eucalyptus_kochii
Eucalyptus,Symphyomyrtus,Bisectae,Subulatae ,Oleaginae,kochii ,borealis,Eucalyptus_kochii
Eucalyptus,Symphyomyrtus,Bisectae,Subulatae ,Oleaginae,kochii ,plenissima,Eucalyptus_kochii
Eucalyptus,Symphyomyrtus,Bisectae,Subulatae ,Oleaginae,kochii ,kochii,Eucalyptus_kochii
Eucalyptus,Symphyomyrtus,Bisectae,Subulatae ,Decussatae ,aspersa,,Eucalyptus_aspersa
Eucalyptus,Symphyomyrtus,Bisectae,Subulatae ,Decussatae ,yalatensis,,Eucalyptus_yalatensis
Eucalyptus,Symphyomyrtus,Bisectae,Subulatae ,Decussatae ,socialis,viridans,Eucalyptus_socialis
Eucalyptus,Symphyomyrtus,Bisectae,Subulatae ,Decussatae ,socialis,socialis,Eucalyptus_socialis
Eucalyptus,Symphyomyrtus,Bisectae,Subulatae ,Decussatae ,socialis,eucentrica,Eucalyptus_socialis
Eucalyptus,Symphyomyrtus,Bisectae,Subulatae ,Decussatae ,socialis,victoriensis,Eucalyptus_socialis
Eucalyptus,Symphyomyrtus,Bisectae,Subulatae ,Decussatae ,gillii,,Eucalyptus_gillii
Eucalyptus,Symphyomyrtus,Bisectae,Subulatae ,Decussatae ,wyolensis,,Eucalyptus_wyolensis
Eucalyptus,Symphyomyrtus,Bisectae,Subulatae ,Decussatae ,vokesensis,,Eucalyptus_vokesensis
Eucalyptus,Symphyomyrtus,Bisectae,Subulatae ,Decussatae ,yumbarrana,,Eucalyptus_yumbarrana
Eucalyptus,Symphyomyrtus,Bisectae,Subulatae ,Decussatae ,dolichocera,,Eucalyptus_dolichocera
Eucalyptus,Symphyomyrtus,Bisectae,Subulatae ,Decurrentes,sp. Dunbar Road (Nicolle 5466 & French),,Eucalyptus_sp.DunbarRoad(Nicolle5466&French)
Eucalyptus,Symphyomyrtus,Bisectae,Subulatae ,Decurrentes,urna,,Eucalyptus_urna
Eucalyptus,Symphyomyrtus,Bisectae,Subulatae ,Decurrentes,peninsularis,,Eucalyptus_peninsularis
Eucalyptus,Symphyomyrtus,Bisectae,Subulatae ,Decurrentes,flocktoniae,flocktoniae,Eucalyptus_flocktoniae
Eucalyptus,Symphyomyrtus,Bisectae,Subulatae ,Decurrentes,flocktoniae,hebes,Eucalyptus_flocktoniae
Eucalyptus,Symphyomyrtus,Bisectae,Subulatae ,Decurrentes,neutra,,Eucalyptus_neutra
Eucalyptus,Symphyomyrtus,Bisectae,Subulatae ,Decurrentes,luculenta,,Eucalyptus_luculenta
Eucalyptus,Symphyomyrtus,Bisectae,Subulatae ,Decurrentes,moderata,,Eucalyptus_moderata
Eucalyptus,Symphyomyrtus,Bisectae,Subulatae ,Decurrentes,hypolaena,,Eucalyptus_hypolaena
Eucalyptus,Symphyomyrtus,Bisectae,Subulatae ,Decurrentes,sp. Cable Haul Road (Nicolle 6956 & French),,Eucalyptus_sp.CableHaulRoad(Nicolle6956&French)
Eucalyptus,Symphyomyrtus,Bisectae,Subulatae ,Decurrentes,optima,,Eucalyptus_optima
Eucalyptus,Symphyomyrtus,Bisectae,Subulatae ,Decurrentes,transcontinentalis,,Eucalyptus_transcontinentalis
Eucalyptus,Symphyomyrtus,Bisectae,Subulatae ,Decurrentes,rhomboidea,,Eucalyptus_rhomboidea
Eucalyptus,Symphyomyrtus,Bisectae,Balladonienses ,,balladoniensis,sedens,Eucalyptus_balladoniensis
Eucalyptus,Symphyomyrtus,Bisectae,Balladonienses ,,balladoniensis,balladoniensis,Eucalyptus_balladoniensis
Eucalyptus,Symphyomyrtus,Bisectae,Balladonienses ,,indurata,,Eucalyptus_indurata
Eucalyptus,Symphyomyrtus,Bisectae,Curviptera ,Inflexae ,virginea,,Eucalyptus_virginea
Eucalyptus,Symphyomyrtus,Bisectae,Curviptera ,Inflexae ,lane-poolei,,Eucalyptus_lane-poolei
Eucalyptus,Symphyomyrtus,Bisectae,Curviptera ,Inflexae ,relicta,,Eucalyptus_relicta
Eucalyptus,Symphyomyrtus,Bisectae,Curviptera ,Xylocarpae,drummondii,,Eucalyptus_drummondii
Eucalyptus,Symphyomyrtus,Bisectae,Curviptera ,Xylocarpae,glomerosa,,Eucalyptus_glomerosa
Eucalyptus,Symphyomyrtus,Bisectae,Curviptera ,Xylocarpae,oxymitra,,Eucalyptus_oxymitra
Eucalyptus,Symphyomyrtus,Bisectae,Curviptera ,Xylocarpae,sp. Little Sandy Desert (Nicolle 4304 & French),,Eucalyptus_sp.LittleSandyDesert(Nicolle4304&French)
Eucalyptus,Symphyomyrtus,Bisectae,Curviptera ,Xylocarpae,oldfieldii,,Eucalyptus_oldfieldii
Eucalyptus,Symphyomyrtus,Bisectae,Curviptera ,Xylocarpae,burracoppinensis,,Eucalyptus_burracoppinensis
Eucalyptus,Symphyomyrtus,Bisectae,Curviptera ,Xylocarpae,rameliana,,Eucalyptus_rameliana
Eucalyptus,Symphyomyrtus,Bisectae,Curviptera ,Xylocarpae,rhodantha,,Eucalyptus_rhodantha
Eucalyptus,Symphyomyrtus,Bisectae,Curviptera ,Xylocarpae,macrocarpa,elachantha,Eucalyptus_macrocarpa
Eucalyptus,Symphyomyrtus,Bisectae,Curviptera ,Xylocarpae,macrocarpa,macrocarpa,Eucalyptus_macrocarpa
Eucalyptus,Symphyomyrtus,Bisectae,Curviptera ,Xylocarpae,pyriformis,,Eucalyptus_pyriformis
Eucalyptus,Symphyomyrtus,Bisectae,Curviptera ,Xylocarpae,youngiana,,Eucalyptus_youngiana
Eucalyptus,Symphyomyrtus,Bisectae,Curviptera ,Xylocarpae,alatissima,,Eucalyptus_alatissima
Eucalyptus,Symphyomyrtus,Bisectae,Curviptera ,Xylocarpae,kingsmillii,,Eucalyptus_kingsmillii
Eucalyptus,Symphyomyrtus,Bisectae,Curviptera ,Xylocarpae,pachyphylla,,Eucalyptus_pachyphylla
Eucalyptus,Symphyomyrtus,Bisectae,Curviptera ,Xylocarpae,sessilis,,Eucalyptus_sessilis
Eucalyptus,Symphyomyrtus,Bisectae,Curviptera ,Xylocarpae,× carnabyi (= E. drummondii × E. macrocarpa subsp. macrocarpa),,Eucalyptus_carnabyi
Eucalyptus,Symphyomyrtus,Bisectae,Curviptera ,Xylocarpae,× impensa (= E. macrocarpa subsp. macrocarpa × E. pyriformis),,Eucalyptus_impensa
Eucalyptus,Symphyomyrtus,Bisectae,Curviptera ,Xylocarpae,rhodantha × var. petiolaris (= E. pyriformis × E. rhodantha),,Eucalyptus_rhodantha
Eucalyptus,Symphyomyrtus,Bisectae,Curviptera ,Leptopodae,beardiana,,Eucalyptus_beardiana
Eucalyptus,Symphyomyrtus,Bisectae,Curviptera ,Leptopodae,synandra,,Eucalyptus_synandra
Eucalyptus,Symphyomyrtus,Bisectae,Curviptera ,Leptopodae,rosacea,,Eucalyptus_rosacea
Eucalyptus,Symphyomyrtus,Bisectae,Curviptera ,Leptopodae,leptopoda,subluta,Eucalyptus_leptopoda
Eucalyptus,Symphyomyrtus,Bisectae,Curviptera ,Leptopodae,leptopoda,leptopoda,Eucalyptus_leptopoda
Eucalyptus,Symphyomyrtus,Bisectae,Curviptera ,Leptopodae,leptopoda,elevata,Eucalyptus_leptopoda
Eucalyptus,Symphyomyrtus,Bisectae,Curviptera ,Leptopodae,‘arctata’ ms,,Eucalyptus_‘arctata’ms
Eucalyptus,Symphyomyrtus,Bisectae,Curviptera ,Orbifoliae,ewartiana,,Eucalyptus_ewartiana
Eucalyptus,Symphyomyrtus,Bisectae,Curviptera ,Orbifoliae,websteriana,,Eucalyptus_websteriana
Eucalyptus,Symphyomyrtus,Bisectae,Curviptera ,Orbifoliae,minniritchi,,Eucalyptus_minniritchi
Eucalyptus,Symphyomyrtus,Bisectae,Curviptera ,Orbifoliae,educta,,Eucalyptus_educta
Eucalyptus,Symphyomyrtus,Bisectae,Curviptera ,Orbifoliae,orbifolia,,Eucalyptus_orbifolia
Eucalyptus,Symphyomyrtus,Bisectae,Curviptera ,Orbifoliae,crucis,crucis,Eucalyptus_crucis
Eucalyptus,Symphyomyrtus,Bisectae,Curviptera ,Orbifoliae,crucis,praecipua,Eucalyptus_crucis
Eucalyptus,Symphyomyrtus,Bisectae,Curviptera ,Orbifoliae,crucis,lanceolata,Eucalyptus_crucis
Eucalyptus,Symphyomyrtus,Bisectae,Caesiae,,caesia ,Boyagin Rock (Nicolle 5542 & French),Eucalyptus_caesia
Eucalyptus,Symphyomyrtus,Bisectae,Caesiae,,caesia ,caesia,Eucalyptus_caesia
Eucalyptus,Symphyomyrtus,Bisectae,Caesiae,,caesia ,magna,Eucalyptus_caesia
Eucalyptus,Symphyomyrtus,Bisectae,Caesiae,,caesia ,Southern rocks (Nicolle 3813 & French),Eucalyptus_caesia
Eucalyptus,Symphyomyrtus,Bisectae,Porantherae,,formanii,formanii,Eucalyptus_formanii
Eucalyptus,Symphyomyrtus,Bisectae,Porantherae,,formanii,circulata,Eucalyptus_formanii
Eucalyptus,Symphyomyrtus,Bisectae,Porantherae,,plumula,,Eucalyptus_plumula
Eucalyptus,Symphyomyrtus,Bisectae,Porantherae,,kumarlensis,,Eucalyptus_kumarlensis
Eucalyptus,Symphyomyrtus,Bisectae,Porantherae,,perangusta,,Eucalyptus_perangusta
Eucalyptus,Symphyomyrtus,Bisectae,Porantherae,,olivina,,Eucalyptus_olivina
Eucalyptus,Symphyomyrtus,Bisectae,Porantherae,,austrina,,Eucalyptus_austrina
Eucalyptus,Symphyomyrtus,Bisectae,Porantherae,,lunata,,Eucalyptus_lunata
Eucalyptus,Symphyomyrtus,Bisectae,Porantherae,,latens,,Eucalyptus_latens
Eucalyptus,Symphyomyrtus,Bisectae,Porantherae,,foecunda,foecunda,Eucalyptus_foecunda
Eucalyptus,Symphyomyrtus,Bisectae,Porantherae,,foecunda,aeolica,Eucalyptus_foecunda
Eucalyptus,Symphyomyrtus,Bisectae,Porantherae,,leptophylla,,Eucalyptus_leptophylla
Eucalyptus,Symphyomyrtus,Bisectae,Porantherae,,omissa,,Eucalyptus_omissa
Eucalyptus,Symphyomyrtus,Bisectae,Porantherae,,salicola,,Eucalyptus_salicola
Eucalyptus,Symphyomyrtus,Bisectae,Porantherae,,ecdysiastes,,Eucalyptus_ecdysiastes
Eucalyptus,Symphyomyrtus,Bisectae,Porantherae,,horistes,,Eucalyptus_horistes
Eucalyptus,Symphyomyrtus,Bisectae,Porantherae,,efflorescens,,Eucalyptus_efflorescens
Eucalyptus,Symphyomyrtus,Bisectae,Porantherae,,fruticosa,,Eucalyptus_fruticosa
Eucalyptus,Symphyomyrtus,Bisectae,Porantherae,,rigidula,rigidula,Eucalyptus_rigidula
Eucalyptus,Symphyomyrtus,Bisectae,Porantherae,,rigidula,interior,Eucalyptus_rigidula
Eucalyptus,Symphyomyrtus,Bisectae,Porantherae,,rigidula,clancularia,Eucalyptus_rigidula
Eucalyptus,Symphyomyrtus,Bisectae,Porantherae,,dissimulata,dissimulata,Eucalyptus_dissimulata
Eucalyptus,Symphyomyrtus,Bisectae,Porantherae,,dissimulata,plauta,Eucalyptus_dissimulata
Eucalyptus,Symphyomyrtus,Bisectae,Porantherae,,discreta,,Eucalyptus_discreta
Eucalyptus,Symphyomyrtus,Bisectae,Porantherae,,sinuensis,,Eucalyptus_sinuensis
Eucalyptus,Symphyomyrtus,Bisectae,Porantherae,,uncinata,uncinata,Eucalyptus_uncinata
Eucalyptus,Symphyomyrtus,Bisectae,Porantherae,,uncinata,crassifolia,Eucalyptus_uncinata
Eucalyptus,Symphyomyrtus,Bisectae,Porantherae,,connexa,,Eucalyptus_connexa
Eucalyptus,Symphyomyrtus,Bisectae,Porantherae,,albida,,Eucalyptus_albida
Eucalyptus,Symphyomyrtus,Bisectae,Heterostemones ,,yilgarnensis,,Eucalyptus_yilgarnensis
Eucalyptus,Symphyomyrtus,Bisectae,Heterostemones ,,gracilis,,Eucalyptus_gracilis
Eucalyptus,Symphyomyrtus,Bisectae,Heterostemones ,,sp. South Newdegate lakes (Nicolle & French 6021),,Eucalyptus_sp.SouthNewdegatelakes(Nicolle&French6021)
Eucalyptus,Symphyomyrtus,Bisectae,Heterostemones ,,quadrans,,Eucalyptus_quadrans
Eucalyptus,Symphyomyrtus,Bisectae,Heterostemones ,,brevipes,,Eucalyptus_brevipes
Eucalyptus,Symphyomyrtus,Bisectae,Heterostemones ,,celastroides,,Eucalyptus_celastroides
Eucalyptus,Symphyomyrtus,Bisectae,Heterostemones ,,virella,,Eucalyptus_virella
Eucalyptus,Symphyomyrtus,Bisectae,Heterostemones ,,calycogona,trachybasis,Eucalyptus_calycogona
Eucalyptus,Symphyomyrtus,Bisectae,Heterostemones ,,calycogona,calycogona,Eucalyptus_calycogona
Eucalyptus,Symphyomyrtus,Bisectae,Heterostemones ,,calycogona,miraculum,Eucalyptus_calycogona
Eucalyptus,Symphyomyrtus,Bisectae,Heterostemones ,,calycogona,spaffordii,Eucalyptus_calycogona
Eucalyptus,Symphyomyrtus,Bisectae,Heterostemones ,,prolixa,,Eucalyptus_prolixa
Eucalyptus,Symphyomyrtus,Bisectae,Halophilae ,,halophila,,Eucalyptus_halophila
Eucalyptus,Symphyomyrtus,Bisectae,Inter-series hybrid,,× balanites (= E. decipiens × E. lane-poolei),,Eucalyptus_balanites
Eucalyptus,Symphyomyrtus,Bisectae,Inter-series hybrid,,× intrasilvatica (= E. aspersa × E. dorrienii),,Eucalyptus_intrasilvatica
Eucalyptus,Symphyomyrtus,Bisectae,Inter-series hybrid,,× phylacis (= E. decipiens × E. virginea),,Eucalyptus_phylacis
Eucalyptus,Symphyomyrtus,Dumaria ,Dissonae ,,pimpiniana,,Eucalyptus_pimpiniana
Eucalyptus,Symphyomyrtus,Dumaria ,Tetrapterae,,dolichorhyncha,,Eucalyptus_dolichorhyncha
Eucalyptus,Symphyomyrtus,Dumaria ,Tetrapterae,,forrestiana,,Eucalyptus_forrestiana
Eucalyptus,Symphyomyrtus,Dumaria ,Tetrapterae,,stoatei,,Eucalyptus_stoatei
Eucalyptus,Symphyomyrtus,Dumaria ,Tetrapterae,,brandiana,,Eucalyptus_brandiana
Eucalyptus,Symphyomyrtus,Dumaria ,Tetrapterae,,tetraptera,tetraptera,Eucalyptus_tetraptera
Eucalyptus,Symphyomyrtus,Dumaria ,Tetrapterae,,tetraptera,Esperance plains (Nicolle 5482 & French),Eucalyptus_tetraptera
Eucalyptus,Symphyomyrtus,Dumaria ,Tetrapterae,,sweedmaniana,,Eucalyptus_sweedmaniana
Eucalyptus,Symphyomyrtus,Dumaria ,Tetrapterae,,ceratocorys,,Eucalyptus_ceratocorys
Eucalyptus,Symphyomyrtus,Dumaria ,Tetrapterae,,sp. Queen Victoria Spring (Nicolle 524),,Eucalyptus_sp.QueenVictoriaSpring(Nicolle524)
Eucalyptus,Symphyomyrtus,Dumaria ,Tetrapterae,,capitanea,,Eucalyptus_capitanea
Eucalyptus,Symphyomyrtus,Dumaria ,Tetrapterae,,angulosa,,Eucalyptus_angulosa
Eucalyptus,Symphyomyrtus,Dumaria ,Tetrapterae,,incrassata,,Eucalyptus_incrassata
Eucalyptus,Symphyomyrtus,Dumaria ,Tetrapterae,,sp. Lake Magenta (Nicolle 5509 & French),,Eucalyptus_sp.LakeMagenta(Nicolle5509&French)
Eucalyptus,Symphyomyrtus,Dumaria ,Tetrapterae,,captiosa,,Eucalyptus_captiosa
Eucalyptus,Symphyomyrtus,Dumaria ,Tetrapterae,,singularis,,Eucalyptus_singularis
Eucalyptus,Symphyomyrtus,Dumaria ,Tetrapterae,,rigens,,Eucalyptus_rigens
Eucalyptus,Symphyomyrtus,Dumaria ,Tetrapterae,,litorea,,Eucalyptus_litorea
Eucalyptus,Symphyomyrtus,Dumaria ,Tetrapterae,,× stoataptera (= E. stoatei × E. tetraptera),,Eucalyptus_stoataptera
Eucalyptus,Symphyomyrtus,Dumaria ,Tetrapterae,,× erythrandra (= E. incrassata × E. tetraptera),,Eucalyptus_erythrandra
Eucalyptus,Symphyomyrtus,Dumaria ,Torquatae,,laevis,,Eucalyptus_laevis
Eucalyptus,Symphyomyrtus,Dumaria ,Torquatae,,melanoxylon,,Eucalyptus_melanoxylon
Eucalyptus,Symphyomyrtus,Dumaria ,Torquatae,,brachycalyx,,Eucalyptus_brachycalyx
Eucalyptus,Symphyomyrtus,Dumaria ,Torquatae,,rugosa,,Eucalyptus_rugosa
Eucalyptus,Symphyomyrtus,Dumaria ,Torquatae,,concinna,,Eucalyptus_concinna
Eucalyptus,Symphyomyrtus,Dumaria ,Torquatae,,griffithsii,,Eucalyptus_griffithsii
Eucalyptus,Symphyomyrtus,Dumaria ,Torquatae,,planipes,,Eucalyptus_planipes
Eucalyptus,Symphyomyrtus,Dumaria ,Torquatae,,corrugata,,Eucalyptus_corrugata
Eucalyptus,Symphyomyrtus,Dumaria ,Torquatae,,torquata,,Eucalyptus_torquata
Eucalyptus,Symphyomyrtus,Dumaria ,Merrickianae,,deflexa,,Eucalyptus_deflexa
Eucalyptus,Symphyomyrtus,Dumaria ,Merrickianae,,merrickiae,,Eucalyptus_merrickiae
Eucalyptus,Symphyomyrtus,Dumaria ,Merrickianae,,scyphocalyx,,Eucalyptus_scyphocalyx
Eucalyptus,Symphyomyrtus,Dumaria ,Furfuraceae ,,leptocalyx,leptocalyx,Eucalyptus_leptocalyx
Eucalyptus,Symphyomyrtus,Dumaria ,Furfuraceae ,,leptocalyx,petilipes,Eucalyptus_leptocalyx
Eucalyptus,Symphyomyrtus,Dumaria ,Furfuraceae ,,sp. Southern wheatbelt (Nicolle & French 5507),,Eucalyptus_sp.Southernwheatbelt(Nicolle&French5507)
Eucalyptus,Symphyomyrtus,Dumaria ,Furfuraceae ,,platycorys,,Eucalyptus_platycorys
Eucalyptus,Symphyomyrtus,Dumaria ,Rufispermae ,,polita,polita,Eucalyptus_polita
Eucalyptus,Symphyomyrtus,Dumaria ,Rufispermae ,,polita,Blackbutt (Nicolle & French 3432),Eucalyptus_polita
Eucalyptus,Symphyomyrtus,Dumaria ,Rufispermae ,,kondininensis,,Eucalyptus_kondininensis
Eucalyptus,Symphyomyrtus,Dumaria ,Rufispermae ,,tenuis,,Eucalyptus_tenuis
Eucalyptus,Symphyomyrtus,Dumaria ,Rufispermae ,,pileata,,Eucalyptus_pileata
Eucalyptus,Symphyomyrtus,Dumaria ,Rufispermae ,,distuberosa,distuberosa,Eucalyptus_distuberosa
Eucalyptus,Symphyomyrtus,Dumaria ,Rufispermae ,,spreta,,Eucalyptus_spreta
Eucalyptus,Symphyomyrtus,Dumaria ,Rufispermae ,,distuberosa,aerata,Eucalyptus_distuberosa
Eucalyptus,Symphyomyrtus,Dumaria ,Rufispermae ,,phenax ,phenax,Eucalyptus_phenax
Eucalyptus,Symphyomyrtus,Dumaria ,Rufispermae ,,phenax ,compressa,Eucalyptus_phenax
Eucalyptus,Symphyomyrtus,Dumaria ,Rufispermae ,,conglobata ,conglobata,Eucalyptus_conglobata
Eucalyptus,Symphyomyrtus,Dumaria ,Rufispermae ,,conglobata ,perata,Eucalyptus_conglobata
Eucalyptus,Symphyomyrtus,Dumaria ,Rufispermae ,,sp. Esperance (French 1579),,Eucalyptus_sp.Esperance(French1579)
Eucalyptus,Symphyomyrtus,Dumaria ,Rufispermae ,,valens,,Eucalyptus_valens
Eucalyptus,Symphyomyrtus,Dumaria ,Rufispermae ,,fraseri ,fraseri,Eucalyptus_fraseri
Eucalyptus,Symphyomyrtus,Dumaria ,Rufispermae ,,fraseri ,melanobasis,Eucalyptus_fraseri
Eucalyptus,Symphyomyrtus,Dumaria ,Rufispermae ,,calcareana,,Eucalyptus_calcareana
Eucalyptus,Symphyomyrtus,Dumaria ,Rufispermae ,,dumosa,,Eucalyptus_dumosa
Eucalyptus,Symphyomyrtus,Dumaria ,Rufispermae ,,percostata,,Eucalyptus_percostata
Eucalyptus,Symphyomyrtus,Dumaria ,Rufispermae ,,cretata,,Eucalyptus_cretata
Eucalyptus,Symphyomyrtus,Dumaria ,Rufispermae ,,pterocarpa,,Eucalyptus_pterocarpa
Eucalyptus,Symphyomyrtus,Dumaria ,Rufispermae ,,frenchiana,,Eucalyptus_frenchiana
Eucalyptus,Symphyomyrtus,Dumaria ,Rufispermae ,,lesouefii,,Eucalyptus_lesouefii
Eucalyptus,Symphyomyrtus,Dumaria ,Rufispermae ,,clelandiorum,,Eucalyptus_clelandiorum
Eucalyptus,Symphyomyrtus,Dumaria ,Rufispermae ,,striaticalyx,,Eucalyptus_striaticalyx
Eucalyptus,Symphyomyrtus,Dumaria ,Rufispermae ,,gypsophila,,Eucalyptus_gypsophila
Eucalyptus,Symphyomyrtus,Dumaria ,Rufispermae ,,repullulans,,Eucalyptus_repullulans
Eucalyptus,Symphyomyrtus,Dumaria ,Rufispermae ,,canescens ,canescens,Eucalyptus_canescens
Eucalyptus,Symphyomyrtus,Dumaria ,Rufispermae ,,canescens ,beadellii,Eucalyptus_canescens
Eucalyptus,Symphyomyrtus,Dumaria ,Rufispermae ,,argutifolia,,Eucalyptus_argutifolia
Eucalyptus,Symphyomyrtus,Dumaria ,Rufispermae ,,sp. Quobba (Nicolle 1179),,Eucalyptus_sp.Quobba(Nicolle1179)
Eucalyptus,Symphyomyrtus,Dumaria ,Rufispermae ,,obtusiflora,obtusiflora,Eucalyptus_obtusiflora
Eucalyptus,Symphyomyrtus,Dumaria ,Rufispermae ,,obtusiflora,dongarraensis,Eucalyptus_obtusiflora
Eucalyptus,Symphyomyrtus,Dumaria ,Rufispermae ,,wubinensis,,Eucalyptus_wubinensis
Eucalyptus,Symphyomyrtus,Dumaria ,Rufispermae ,,sp. North Balladonia (Nicolle & French 3620),,Eucalyptus_sp.NorthBalladonia(Nicolle&French3620)
Eucalyptus,Symphyomyrtus,Dumaria ,Rufispermae ,,sheathiana,,Eucalyptus_sheathiana
Eucalyptus,Symphyomyrtus,Dumaria ,Rufispermae ,,vittata,,Eucalyptus_vittata
Eucalyptus,Symphyomyrtus,Dumaria ,Rufispermae ,,assimilans,,Eucalyptus_assimilans
Eucalyptus,Symphyomyrtus,Dumaria ,Rufispermae ,,georgei ,georgei,Eucalyptus_georgei
Eucalyptus,Symphyomyrtus,Dumaria ,Rufispermae ,,georgei ,fulgida,Eucalyptus_georgei
Eucalyptus,Symphyomyrtus,Dumaria ,Rufispermae ,,woodwardii,,Eucalyptus_woodwardii
Eucalyptus,Symphyomyrtus,Dumaria ,Ovulares ,,cyclostoma,,Eucalyptus_cyclostoma
Eucalyptus,Symphyomyrtus,Dumaria ,Ovulares ,,exigua,,Eucalyptus_exigua
Eucalyptus,Symphyomyrtus,Dumaria ,Ovulares ,,cometae-vallis,,Eucalyptus_cometae-vallis
Eucalyptus,Symphyomyrtus,Dumaria ,Ovulares ,,cylindrocarpa,,Eucalyptus_cylindrocarpa
Eucalyptus,Symphyomyrtus,Dumaria ,Ovulares ,,oraria,,Eucalyptus_oraria
Eucalyptus,Symphyomyrtus,Dumaria ,Ovulares ,,baudiniana,,Eucalyptus_baudiniana
Eucalyptus,Symphyomyrtus,Dumaria ,Ovulares ,,ovularis,,Eucalyptus_ovularis
Eucalyptus,Symphyomyrtus,Dumaria ,Ovulares ,,aequioperta,,Eucalyptus_aequioperta
Eucalyptus,Symphyomyrtus,Dumaria ,Ovulares ,,myriadena,,Eucalyptus_myriadena
Eucalyptus,Symphyomyrtus,Dumaria ,Ovulares ,,sp. Dartmoor (Nicolle & French 5585),,Eucalyptus_sp.Dartmoor(Nicolle&French5585)
Eucalyptus,Symphyomyrtus,Inclusae,,,diversicolor,,Eucalyptus_diversicolor
Eucalyptus,Symphyomyrtus,Sejunctae,,,cladocalyx,cladocalyx,Eucalyptus_cladocalyx
Eucalyptus,Symphyomyrtus,Sejunctae,,,cladocalyx,crassa,Eucalyptus_cladocalyx
Eucalyptus,Symphyomyrtus,Sejunctae,,,cladocalyx,petila,Eucalyptus_cladocalyx
Eucalyptus,Symphyomyrtus,Domesticae,,,brachyandra,,Eucalyptus_brachyandra
Eucalyptus,Symphyomyrtus,Domesticae,,,raveretiana,,Eucalyptus_raveretiana
Eucalyptus,Symphyomyrtus,Domesticae,,,howittiana,,Eucalyptus_howittiana
Eucalyptus,Symphyomyrtus,Equatoria,,,binacag,,Eucalyptus_binacag
Eucalyptus,Symphyomyrtus,Equatoria,,,deglupta,,Eucalyptus_deglupta
Eucalyptus,Symphyomyrtus,Adnataria,Striolatae,,patellaris,,Eucalyptus_patellaris
Eucalyptus,Symphyomyrtus,Adnataria,Striolatae,,leptophleba,,Eucalyptus_leptophleba
Eucalyptus,Symphyomyrtus,Adnataria,Striolatae,,oligantha,,Eucalyptus_oligantha
Eucalyptus,Symphyomyrtus,Adnataria,Striolatae,,koolpinensis,,Eucalyptus_koolpinensis
Eucalyptus,Symphyomyrtus,Adnataria,Striolatae,,chlorophylla,,Eucalyptus_chlorophylla
Eucalyptus,Symphyomyrtus,Adnataria,Striolatae,,leucophylla,,Eucalyptus_leucophylla
Eucalyptus,Symphyomyrtus,Adnataria,Striolatae,,xerothermica,,Eucalyptus_xerothermica
Eucalyptus,Symphyomyrtus,Adnataria,Striolatae,,argillacea,,Eucalyptus_argillacea
Eucalyptus,Symphyomyrtus,Adnataria,Striolatae,,pruinosa,pruinosa,Eucalyptus_pruinosa
Eucalyptus,Symphyomyrtus,Adnataria,Striolatae,,pruinosa,tenuata,Eucalyptus_pruinosa
Eucalyptus,Symphyomyrtus,Adnataria,Striolatae,,obconica,,Eucalyptus_obconica
Eucalyptus,Symphyomyrtus,Adnataria,Striolatae,,microneura,,Eucalyptus_microneura
Eucalyptus,Symphyomyrtus,Adnataria,Striolatae,,distans,,Eucalyptus_distans
Eucalyptus,Symphyomyrtus,Adnataria,Striolatae,,tectifica,,Eucalyptus_tectifica
Eucalyptus,Symphyomyrtus,Adnataria,Striolatae,,acroleuca,,Eucalyptus_acroleuca
Eucalyptus,Symphyomyrtus,Adnataria,Striolatae,,microtheca,,Eucalyptus_microtheca
Eucalyptus,Symphyomyrtus,Adnataria,Striolatae,,coolabah,,Eucalyptus_coolabah
Eucalyptus,Symphyomyrtus,Adnataria,Striolatae,,victrix,,Eucalyptus_victrix
Eucalyptus,Symphyomyrtus,Adnataria,Buxeales,Amissae,dawsonii,,Eucalyptus_dawsonii
Eucalyptus,Symphyomyrtus,Adnataria,Buxeales,Amissae,rummeryi,,Eucalyptus_rummeryi
Eucalyptus,Symphyomyrtus,Adnataria,Buxeales,Amissae,cambageana,,Eucalyptus_cambageana
Eucalyptus,Symphyomyrtus,Adnataria,Buxeales,Amissae,largeana,,Eucalyptus_largeana
Eucalyptus,Symphyomyrtus,Adnataria,Buxeales,Subplatyphyllae,largiflorens,,Eucalyptus_largiflorens
Eucalyptus,Symphyomyrtus,Adnataria,Buxeales,Subplatyphyllae,persistens,,Eucalyptus_persistens
Eucalyptus,Symphyomyrtus,Adnataria,Buxeales,Subplatyphyllae,provecta,,Eucalyptus_provecta
Eucalyptus,Symphyomyrtus,Adnataria,Buxeales,Subplatyphyllae,tardecidens,,Eucalyptus_tardecidens
Eucalyptus,Symphyomyrtus,Adnataria,Buxeales,Subplatyphyllae,normantonensis,,Eucalyptus_normantonensis
Eucalyptus,Symphyomyrtus,Adnataria,Buxeales,Subplatyphyllae,sparsa,,Eucalyptus_sparsa
Eucalyptus,Symphyomyrtus,Adnataria,Buxeales,Subplatyphyllae,populnea,,Eucalyptus_populnea
Eucalyptus,Symphyomyrtus,Adnataria,Buxeales,Subplatyphyllae,brownii,,Eucalyptus_brownii
Eucalyptus,Symphyomyrtus,Adnataria,Buxeales,Subplatyphyllae,behriana,,Eucalyptus_behriana
Eucalyptus,Symphyomyrtus,Adnataria,Buxeales,Subplatyphyllae,intertexta,intertexta,Eucalyptus_intertexta
Eucalyptus,Symphyomyrtus,Adnataria,Buxeales,Subplatyphyllae,intertexta,Central Australia (Nicolle 6661),Eucalyptus_intertexta
Eucalyptus,Symphyomyrtus,Adnataria,Buxeales,Subplatyphyllae,orgadophila,,Eucalyptus_orgadophila
Eucalyptus,Symphyomyrtus,Adnataria,Lucasianae,,lansdowneana,,Eucalyptus_lansdowneana
Eucalyptus,Symphyomyrtus,Adnataria,Lucasianae,,rowleyi,,Eucalyptus_rowleyi
Eucalyptus,Symphyomyrtus,Adnataria,Lucasianae,,aridimontana,,Eucalyptus_aridimontana
Eucalyptus,Symphyomyrtus,Adnataria,Lucasianae,,lucasii,,Eucalyptus_lucasii
Eucalyptus,Symphyomyrtus,Adnataria,Lucasianae,,petraea,,Eucalyptus_petraea
Eucalyptus,Symphyomyrtus,Adnataria,Lucasianae,,cuprea,,Eucalyptus_cuprea
Eucalyptus,Symphyomyrtus,Adnataria,Lucasianae,,absita,,Eucalyptus_absita
Eucalyptus,Symphyomyrtus,Adnataria,Subbuxeales,,albens,,Eucalyptus_albens
Eucalyptus,Symphyomyrtus,Adnataria,Subbuxeales,,sp. Mt Garnet (Carr 1627B et al.),,Eucalyptus_sp.MtGarnet(Carr1627Betal.)
Eucalyptus,Symphyomyrtus,Adnataria,Subbuxeales,,moluccana,,Eucalyptus_moluccana
Eucalyptus,Symphyomyrtus,Adnataria,Subbuxeales,,sp. Adelaide (Nicolle 1364),,Eucalyptus_sp.Adelaide(Nicolle1364)
Eucalyptus,Symphyomyrtus,Adnataria,Subbuxeales,,microcarpa,,Eucalyptus_microcarpa
Eucalyptus,Symphyomyrtus,Adnataria,Subbuxeales,,woollsiana,,Eucalyptus_woollsiana
Eucalyptus,Symphyomyrtus,Adnataria,Subbuxeales,,albopurpurea,,Eucalyptus_albopurpurea
Eucalyptus,Symphyomyrtus,Adnataria,Subbuxeales,,odorata,,Eucalyptus_odorata
Eucalyptus,Symphyomyrtus,Adnataria,Subbuxeales,,cajuputea,,Eucalyptus_cajuputea
Eucalyptus,Symphyomyrtus,Adnataria,Subbuxeales,,wimmerensis,,Eucalyptus_wimmerensis
Eucalyptus,Symphyomyrtus,Adnataria,Subbuxeales,,polybractea,,Eucalyptus_polybractea
Eucalyptus,Symphyomyrtus,Adnataria,Subbuxeales,,viridis,,Eucalyptus_viridis
Eucalyptus,Symphyomyrtus,Adnataria,Subbuxeales,,aenea,,Eucalyptus_aenea
Eucalyptus,Symphyomyrtus,Adnataria,Subbuxeales,,sp. viridis latiuscula (Nicolle 6172),,Eucalyptus_sp.viridislatiuscula(Nicolle6172)
Eucalyptus,Symphyomyrtus,Adnataria,Subbuxeales,,froggattii,,Eucalyptus_froggattii
Eucalyptus,Symphyomyrtus,Adnataria,Subbuxeales,,thozetiana,,Eucalyptus_thozetiana
Eucalyptus,Symphyomyrtus,Adnataria,Subbuxeales,,ochrophloia,,Eucalyptus_ochrophloia
Eucalyptus,Symphyomyrtus,Adnataria,Subbuxeales,,× castrensis (= E. aenea × E. moluccana),,Eucalyptus_castrensis
Eucalyptus,Symphyomyrtus,Adnataria,Subbuxeales,,× hawkeri (= E. microcarpa - E. wimmerensis intergrade),,Eucalyptus_hawkeri
Eucalyptus,Symphyomyrtus,Adnataria,Subbuxeales,,× silvestris (= E. microcarpa - E. wimmerensis intergrade),,Eucalyptus_silvestris
Eucalyptus,Symphyomyrtus,Adnataria,Siderophloiae,,beaniana,,Eucalyptus_beaniana
Eucalyptus,Symphyomyrtus,Adnataria,Siderophloiae,,decorticans,,Eucalyptus_decorticans
Eucalyptus,Symphyomyrtus,Adnataria,Siderophloiae,,granitica,,Eucalyptus_granitica
Eucalyptus,Symphyomyrtus,Adnataria,Siderophloiae,,siderophloia,,Eucalyptus_siderophloia
Eucalyptus,Symphyomyrtus,Adnataria,Siderophloiae,,fibrosa,,Eucalyptus_fibrosa
Eucalyptus,Symphyomyrtus,Adnataria,Siderophloiae,,nubilis,,Eucalyptus_nubilis
Eucalyptus,Symphyomyrtus,Adnataria,Siderophloiae,,calidissima,,Eucalyptus_calidissima
Eucalyptus,Symphyomyrtus,Adnataria,Siderophloiae,,rhombica,,Eucalyptus_rhombica
Eucalyptus,Symphyomyrtus,Adnataria,Siderophloiae,,ophitica,,Eucalyptus_ophitica
Eucalyptus,Symphyomyrtus,Adnataria,Siderophloiae,,fracta,,Eucalyptus_fracta
Eucalyptus,Symphyomyrtus,Adnataria,Siderophloiae,,tholiformis,,Eucalyptus_tholiformis
Eucalyptus,Symphyomyrtus,Adnataria,Siderophloiae,,taurina,,Eucalyptus_taurina
Eucalyptus,Symphyomyrtus,Adnataria,Siderophloiae,,elegans,,Eucalyptus_elegans
Eucalyptus,Symphyomyrtus,Adnataria,Siderophloiae,,crebra,,Eucalyptus_crebra
Eucalyptus,Symphyomyrtus,Adnataria,Siderophloiae,,beyeri,,Eucalyptus_beyeri
Eucalyptus,Symphyomyrtus,Adnataria,Siderophloiae,,panda,,Eucalyptus_panda
Eucalyptus,Symphyomyrtus,Adnataria,Siderophloiae,,virens,,Eucalyptus_virens
Eucalyptus,Symphyomyrtus,Adnataria,Siderophloiae,,scopulorum,,Eucalyptus_scopulorum
Eucalyptus,Symphyomyrtus,Adnataria,Siderophloiae,,atrata,,Eucalyptus_atrata
Eucalyptus,Symphyomyrtus,Adnataria,Siderophloiae,,paedoglauca,,Eucalyptus_paedoglauca
Eucalyptus,Symphyomyrtus,Adnataria,Siderophloiae,,drepanophylla,,Eucalyptus_drepanophylla
Eucalyptus,Symphyomyrtus,Adnataria,Siderophloiae,,quadricostata,,Eucalyptus_quadricostata
Eucalyptus,Symphyomyrtus,Adnataria,Siderophloiae,,farinosa,,Eucalyptus_farinosa
Eucalyptus,Symphyomyrtus,Adnataria,Siderophloiae,,caleyi,ovendenii,Eucalyptus_caleyi
Eucalyptus,Symphyomyrtus,Adnataria,Siderophloiae,,caleyi,caleyi,Eucalyptus_caleyi
Eucalyptus,Symphyomyrtus,Adnataria,Siderophloiae,,exilipes,,Eucalyptus_exilipes
Eucalyptus,Symphyomyrtus,Adnataria,Siderophloiae,,cullenii,,Eucalyptus_cullenii
Eucalyptus,Symphyomyrtus,Adnataria,Siderophloiae,,staigeriana,,Eucalyptus_staigeriana
Eucalyptus,Symphyomyrtus,Adnataria,Siderophloiae,,jensenii,,Eucalyptus_jensenii
Eucalyptus,Symphyomyrtus,Adnataria,Siderophloiae,,whitei,,Eucalyptus_whitei
Eucalyptus,Symphyomyrtus,Adnataria,Siderophloiae,,melanophloia,melanophloia,Eucalyptus_melanophloia
Eucalyptus,Symphyomyrtus,Adnataria,Siderophloiae,,melanophloia,nana,Eucalyptus_melanophloia
Eucalyptus,Symphyomyrtus,Adnataria,Siderophloiae,,shirleyi,,Eucalyptus_shirleyi
Eucalyptus,Symphyomyrtus,Adnataria,Rhodoxyla,Discolores ,‘dorsiventralis’ ms ,,Eucalyptus_‘dorsiventralis’ms
Eucalyptus,Symphyomyrtus,Adnataria,Rhodoxyla,Discolores ,paniculata,,Eucalyptus_paniculata
Eucalyptus,Symphyomyrtus,Adnataria,Rhodoxyla,Discolores ,fergusonii,,Eucalyptus_fergusonii
Eucalyptus,Symphyomyrtus,Adnataria,Rhodoxyla,Discolores ,ancophila,,Eucalyptus_ancophila
Eucalyptus,Symphyomyrtus,Adnataria,Rhodoxyla,Discolores ,decolor,,Eucalyptus_decolor
Eucalyptus,Symphyomyrtus,Adnataria,Rhodoxyla,Concolores ,tetrapleura,,Eucalyptus_tetrapleura
Eucalyptus,Symphyomyrtus,Adnataria,Rhodoxyla,Concolores ,fusiformis,,Eucalyptus_fusiformis
Eucalyptus,Symphyomyrtus,Adnataria,Rhodoxyla,Concolores ,sicilifolia,,Eucalyptus_sicilifolia
Eucalyptus,Symphyomyrtus,Adnataria,Rhodoxyla,Concolores ,suffulgens,,Eucalyptus_suffulgens
Eucalyptus,Symphyomyrtus,Adnataria,Rhodoxyla,Concolores ,dura,,Eucalyptus_dura
Eucalyptus,Symphyomyrtus,Adnataria,Rhodoxyla,Concolores ,melanoleuca,,Eucalyptus_melanoleuca
Eucalyptus,Symphyomyrtus,Adnataria,Rhodoxyla,Concolores ,corynodes,,Eucalyptus_corynodes
Eucalyptus,Symphyomyrtus,Adnataria,Heterophloiae ,,lucens,,Eucalyptus_lucens
Eucalyptus,Symphyomyrtus,Adnataria,Heterophloiae ,,fasciculosa,,Eucalyptus_fasciculosa
Eucalyptus,Symphyomyrtus,Adnataria,Heterophloiae ,,polyanthemos,polyanthemos,Eucalyptus_polyanthemos
Eucalyptus,Symphyomyrtus,Adnataria,Heterophloiae ,,polyanthemos,vestita,Eucalyptus_polyanthemos
Eucalyptus,Symphyomyrtus,Adnataria,Heterophloiae ,,baueriana,,Eucalyptus_baueriana
Eucalyptus,Symphyomyrtus,Adnataria,Heterophloiae ,,dalveenica,,Eucalyptus_dalveenica
Eucalyptus,Symphyomyrtus,Adnataria,Heterophloiae ,,magnificata,,Eucalyptus_magnificata
Eucalyptus,Symphyomyrtus,Adnataria,Heterophloiae ,,conica,,Eucalyptus_conica
Eucalyptus,Symphyomyrtus,Adnataria,Heterophloiae ,,rudderi,,Eucalyptus_rudderi
Eucalyptus,Symphyomyrtus,Adnataria,Heterophloiae ,,hypostomatica,,Eucalyptus_hypostomatica
Eucalyptus,Symphyomyrtus,Adnataria,Melliodorae,,porosa,,Eucalyptus_porosa
Eucalyptus,Symphyomyrtus,Adnataria,Melliodorae,,bosistoana,,Eucalyptus_bosistoana
Eucalyptus,Symphyomyrtus,Adnataria,Melliodorae,,argophloia,,Eucalyptus_argophloia
Eucalyptus,Symphyomyrtus,Adnataria,Melliodorae,,melliodora,,Eucalyptus_melliodora
Eucalyptus,Symphyomyrtus,Adnataria,Melliodorae,,sideroxylon,,Eucalyptus_sideroxylon
Eucalyptus,Symphyomyrtus,Adnataria,Melliodorae,,tricarpa,,Eucalyptus_tricarpa
Eucalyptus,Symphyomyrtus,Adnataria,Melliodorae,,leucoxylon,stephaniae,Eucalyptus_leucoxylon
Eucalyptus,Symphyomyrtus,Adnataria,Melliodorae,,leucoxylon,pruinosa,Eucalyptus_leucoxylon
Eucalyptus,Symphyomyrtus,Adnataria,Melliodorae,,leucoxylon,bellarinensis,Eucalyptus_leucoxylon
Eucalyptus,Symphyomyrtus,Adnataria,Melliodorae,,leucoxylon,leucoxylon,Eucalyptus_leucoxylon
Eucalyptus,Symphyomyrtus,Adnataria,Melliodorae,,leucoxylon,megalocarpa,Eucalyptus_leucoxylon
Eucalyptus,Symphyomyrtus,Adnataria,Melliodorae,,leucoxylon,petiolaris,Eucalyptus_leucoxylon
Eucalyptus,Symphyomyrtus,Platysperma,Melliodorae,,rupestris,,Eucalyptus_rupestris
Eucalyptus,Symphyomyrtus,Platysperma,Melliodorae,,umbrawarrensis,,Eucalyptus_umbrawarrensis
Eucalyptus,Symphyomyrtus,Platysperma,Melliodorae,,confluens,,Eucalyptus_confluens
Eucalyptus,Symphyomyrtus,Platysperma,Melliodorae,,brevifolia,,Eucalyptus_brevifolia
Eucalyptus,Symphyomyrtus,Platysperma,Melliodorae,,leucophloia,euroa,Eucalyptus_leucophloia
Eucalyptus,Symphyomyrtus,Platysperma,Melliodorae,,leucophloia,leucophloia ,Eucalyptus_leucophloia
Eucalyptus,Symphyomyrtus,Platysperma,Melliodorae,,ordiana,,Eucalyptus_ordiana
Eucalyptus,Symphyomyrtus,Pumilio,Pumilae,,pumila,,Eucalyptus_pumila
Eucalyptus,Symphyomyrtus,Pumilio,Lepidotae-Fimbriatia,,canaliculata,,Eucalyptus_canaliculata
Eucalyptus,Symphyomyrtus,Pumilio,Lepidotae-Fimbriatia,,punctata,,Eucalyptus_punctata
Eucalyptus,Symphyomyrtus,Pumilio,Lepidotae-Fimbriatia,,grisea,,Eucalyptus_grisea
Eucalyptus,Symphyomyrtus,Pumilio,Lepidotae-Fimbriatia,,longirostrata,,Eucalyptus_longirostrata
Eucalyptus,Symphyomyrtus,Exsertaria,Connexentes,,hallii,,Eucalyptus_hallii
Eucalyptus,Symphyomyrtus,Exsertaria,Connexentes,,broviniensis,,Eucalyptus_broviniensis
Eucalyptus,Symphyomyrtus,Exsertaria,Connexentes,,major,,Eucalyptus_major
Eucalyptus,Symphyomyrtus,Exsertaria,Connexentes,,propinqua,,Eucalyptus_propinqua
Eucalyptus,Symphyomyrtus,Exsertaria,Liberivalvae,,prava,,Eucalyptus_prava
Eucalyptus,Symphyomyrtus,Exsertaria,Liberivalvae,,bancroftii,,Eucalyptus_bancroftii
Eucalyptus,Symphyomyrtus,Exsertaria,Liberivalvae,,disclusa,,Eucalyptus_disclusa
Eucalyptus,Symphyomyrtus,Exsertaria,Liberivalvae,,interstans,,Eucalyptus_interstans
Eucalyptus,Symphyomyrtus,Exsertaria,Liberivalvae,,seeana,,Eucalyptus_seeana
Eucalyptus,Symphyomyrtus,Exsertaria,Liberivalvae,,parramattensis ,decadens,Eucalyptus_parramattensis
Eucalyptus,Symphyomyrtus,Exsertaria,Liberivalvae,,parramattensis ,parramattensis,Eucalyptus_parramattensis
Eucalyptus,Symphyomyrtus,Exsertaria,Exsertae,Exsertae,brassiana,,Eucalyptus_brassiana
Eucalyptus,Symphyomyrtus,Exsertaria,Exsertae,Exsertae,lockyeri,,Eucalyptus_lockyeri
Eucalyptus,Symphyomyrtus,Exsertaria,Exsertae,Exsertae,‘exuta’ ms,,Eucalyptus_‘exuta’ms
Eucalyptus,Symphyomyrtus,Exsertaria,Exsertae,Exsertae,ammophila,,Eucalyptus_ammophila
Eucalyptus,Symphyomyrtus,Exsertaria,Exsertae,Exsertae,exserta,,Eucalyptus_exserta
Eucalyptus,Symphyomyrtus,Exsertaria,Exsertae,Exsertae,nudicaulis,,Eucalyptus_nudicaulis
Eucalyptus,Symphyomyrtus,Exsertaria,Exsertae,Exsertae,gillenii,,Eucalyptus_gillenii
Eucalyptus,Symphyomyrtus,Exsertaria,Exsertae,Exsertae,morrisii,,Eucalyptus_morrisii
Eucalyptus,Symphyomyrtus,Exsertaria,Exsertae,Erythroxylon,infera,,Eucalyptus_infera
Eucalyptus,Symphyomyrtus,Exsertaria,Exsertae,Erythroxylon,kabiana,,Eucalyptus_kabiana
Eucalyptus,Symphyomyrtus,Exsertaria,Exsertae,Erythroxylon,amplifolia,sessiliflora,Eucalyptus_amplifolia
Eucalyptus,Symphyomyrtus,Exsertaria,Exsertae,Erythroxylon,amplifolia,amplifolia,Eucalyptus_amplifolia
Eucalyptus,Symphyomyrtus,Exsertaria,Exsertae,Erythroxylon,‘rotunda’ ms,,Eucalyptus_‘rotunda’ms
Eucalyptus,Symphyomyrtus,Exsertaria,Exsertae,Erythroxylon,tereticornis,mediana,Eucalyptus_tereticornis
Eucalyptus,Symphyomyrtus,Exsertaria,Exsertae,Erythroxylon,tereticornis,tereticornis,Eucalyptus_tereticornis
Eucalyptus,Symphyomyrtus,Exsertaria,Exsertae,Erythroxylon,tereticornis,basaltica,Eucalyptus_tereticornis
Eucalyptus,Symphyomyrtus,Exsertaria,Exsertae,Erythroxylon,glaucina,,Eucalyptus_glaucina
Eucalyptus,Symphyomyrtus,Exsertaria,Exsertae,Erythroxylon,chloroclada,,Eucalyptus_chloroclada
Eucalyptus,Symphyomyrtus,Exsertaria,Exsertae,Erythroxylon,terrica,,Eucalyptus_terrica
Eucalyptus,Symphyomyrtus,Exsertaria,Exsertae,Erythroxylon,blakelyi,,Eucalyptus_blakelyi
Eucalyptus,Symphyomyrtus,Exsertaria,Exsertae,Erythroxylon,dealbata,dealbata,Eucalyptus_dealbata
Eucalyptus,Symphyomyrtus,Exsertaria,Exsertae,Erythroxylon,dealbata,aperticola,Eucalyptus_dealbata
Eucalyptus,Symphyomyrtus,Exsertaria,Exsertae,Erythroxylon,nandewarica,,Eucalyptus_nandewarica
Eucalyptus,Symphyomyrtus,Exsertaria,Exsertae,Erythroxylon,vicina,,Eucalyptus_vicina
Eucalyptus,Symphyomyrtus,Exsertaria,Exsertae,Erythroxylon,dwyeri,,Eucalyptus_dwyeri
Eucalyptus,Symphyomyrtus,Exsertaria,Exsertae,Erythroxylon,flindersii,,Eucalyptus_flindersii
Eucalyptus,Symphyomyrtus,Exsertaria,Exsertae,Rostratae,rudis,rudis,Eucalyptus_rudis
Eucalyptus,Symphyomyrtus,Exsertaria,Exsertae,Rostratae,rudis,cratyantha,Eucalyptus_rudis
Eucalyptus,Symphyomyrtus,Exsertaria,Exsertae,Rostratae,camaldulensis,refulgens,Eucalyptus_camaldulensis
Eucalyptus,Symphyomyrtus,Exsertaria,Exsertae,Rostratae,camaldulensis,obtusa,Eucalyptus_camaldulensis
Eucalyptus,Symphyomyrtus,Exsertaria,Exsertae,Rostratae,camaldulensis,arida,Eucalyptus_camaldulensis
Eucalyptus,Symphyomyrtus,Exsertaria,Exsertae,Rostratae,camaldulensis,minima,Eucalyptus_camaldulensis
Eucalyptus,Symphyomyrtus,Exsertaria,Exsertae,Rostratae,camaldulensis,camaldulensis,Eucalyptus_camaldulensis
Eucalyptus,Symphyomyrtus,Exsertaria,Exsertae,Rostratae,camaldulensis,acuta,Eucalyptus_camaldulensis
Eucalyptus,Symphyomyrtus,Exsertaria,Exsertae,Rostratae,camaldulensis,simulata,Eucalyptus_camaldulensis
Eucalyptus,Symphyomyrtus,Exsertaria,Exsertae,Subexsertae,glomericassis,,Eucalyptus_glomericassis
Eucalyptus,Symphyomyrtus,Exsertaria,Exsertae,Subexsertae,herbertiana,,Eucalyptus_herbertiana
Eucalyptus,Symphyomyrtus,Exsertaria,Exsertae,Subexsertae,gregoryensis,,Eucalyptus_gregoryensis
Eucalyptus,Symphyomyrtus,Exsertaria,Exsertae,Subexsertae,cupularis,,Eucalyptus_cupularis
Eucalyptus,Symphyomyrtus,Exsertaria,Exsertae,Subexsertae,revelata,,Eucalyptus_revelata
Eucalyptus,Symphyomyrtus,Exsertaria,Exsertae,Subexsertae,mooreana,,Eucalyptus_mooreana
Eucalyptus,Symphyomyrtus,Exsertaria,Exsertae,Subexsertae,pantoleuca,,Eucalyptus_pantoleuca
Eucalyptus,Symphyomyrtus,Exsertaria,Exsertae,Subexsertae,apodophylla,,Eucalyptus_apodophylla
Eucalyptus,Symphyomyrtus,Exsertaria,Exsertae,Subexsertae,houseana,,Eucalyptus_houseana
Eucalyptus,Symphyomyrtus,Exsertaria,Exsertae,Subexsertae,alba,var. alba,Eucalyptus_alba
Eucalyptus,Symphyomyrtus,Exsertaria,Exsertae,Subexsertae,alba,var. australasica,Eucalyptus_alba
Eucalyptus,Symphyomyrtus,Exsertaria,Exsertae,Subexsertae,sp. Melville Island (Hill 907 et al.),,Eucalyptus_sp.MelvilleIsland(Hill907etal.)
Eucalyptus,Symphyomyrtus,Exsertaria,Exsertae,Subexsertae,tintinnans,,Eucalyptus_tintinnans
Eucalyptus,Symphyomyrtus,Exsertaria,Exsertae,Subexsertae,bigalerita,,Eucalyptus_bigalerita
Eucalyptus,Symphyomyrtus,Exsertaria,Exsertae,Subexsertae,sp. Arnhem Land (Hill 3984),,Eucalyptus_sp.ArnhemLand(Hill3984)
Eucalyptus,Symphyomyrtus,Exsertaria,Exsertae,Subexsertae,sp. Port Moresby (Darbyshire 601),,Eucalyptus_sp.PortMoresby(Darbyshire601)
Eucalyptus,Symphyomyrtus,Exsertaria,Exsertae,Subexsertae,platyphylla,,Eucalyptus_platyphylla
Eucalyptus,Symphyomyrtus,Exsertaria,Exsertae,Subexsertae,apodophylla × subsp. provecta (= E. apodophylla × E. bigalerita),,Eucalyptus_apodophylla
Eucalyptus,Symphyomyrtus,Incognitae,Similares,,longifolia,,Eucalyptus_longifolia
Eucalyptus,Symphyomyrtus,Incognitae,Incognitae,,cosmophylla,,Eucalyptus_cosmophylla
Eucalyptus,Symphyomyrtus,Incognitae,Incognitae,,paludicola,,Eucalyptus_paludicola
Eucalyptus,Symphyomyrtus,Latoangulatae,Robustae,,orophila,,Eucalyptus_orophila
Eucalyptus,Symphyomyrtus,Latoangulatae,Robustae,,urophylla,,Eucalyptus_urophylla
Eucalyptus,Symphyomyrtus,Latoangulatae,Robustae,,wetarensis,,Eucalyptus_wetarensis
Eucalyptus,Symphyomyrtus,Latoangulatae,Robustae,,biterranea,,Eucalyptus_biterranea
Eucalyptus,Symphyomyrtus,Latoangulatae,Robustae,,pellita,,Eucalyptus_pellita
Eucalyptus,Symphyomyrtus,Latoangulatae,Robustae,,robusta,,Eucalyptus_robusta
Eucalyptus,Symphyomyrtus,Latoangulatae,Annulares,,sp. Cattai (Gregson s.n.),,Eucalyptus_sp.Cattai(Gregsons.n.)
Eucalyptus,Symphyomyrtus,Latoangulatae,Annulares,,resinifera,resinifera,Eucalyptus_resinifera
Eucalyptus,Symphyomyrtus,Latoangulatae,Annulares,,resinifera,hemilampra,Eucalyptus_resinifera
Eucalyptus,Symphyomyrtus,Latoangulatae,Annulares,,macta,,Eucalyptus_macta
Eucalyptus,Symphyomyrtus,Latoangulatae,Annulares,,notabilis,,Eucalyptus_notabilis
Eucalyptus,Symphyomyrtus,Latoangulatae,Annulares,,scias,callimastha,Eucalyptus_scias
Eucalyptus,Symphyomyrtus,Latoangulatae,Annulares,,scias,scias,Eucalyptus_scias
Eucalyptus,Symphyomyrtus,Latoangulatae,Annulares,,scias,apoda,Eucalyptus_scias
Eucalyptus,Symphyomyrtus,Latoangulatae,Transversae,,botryoides,,Eucalyptus_botryoides
Eucalyptus,Symphyomyrtus,Latoangulatae,Transversae,,saligna,,Eucalyptus_saligna
Eucalyptus,Symphyomyrtus,Latoangulatae,Transversae,,grandis,grandis,Eucalyptus_grandis
Eucalyptus,Symphyomyrtus,Latoangulatae,Transversae,,grandis,North Queensland (Nicolle 2524),Eucalyptus_grandis
Eucalyptus,Symphyomyrtus,Latoangulatae,Transversae,,grandis,Eungella (Nicolle 6450),Eucalyptus_grandis
Eucalyptus,Symphyomyrtus,Racemus,Transversae,,michaeliana,,Eucalyptus_michaeliana
Eucalyptus,Symphyomyrtus,Maidenaria,Deaneanae,,deanei,,Eucalyptus_deanei
Eucalyptus,Symphyomyrtus,Maidenaria,Deaneanae,,brunnea,,Eucalyptus_brunnea
Eucalyptus,Symphyomyrtus,Maidenaria,Quadrangulatae,,quadrangulata,,Eucalyptus_quadrangulata
Eucalyptus,Symphyomyrtus,Maidenaria,Remanentes,,nitens,,Eucalyptus_nitens
Eucalyptus,Symphyomyrtus,Maidenaria,Remanentes,,denticulata,,Eucalyptus_denticulata
Eucalyptus,Symphyomyrtus,Maidenaria,Neglectae ,,neglecta,,Eucalyptus_neglecta
Eucalyptus,Symphyomyrtus,Maidenaria,Bridgesianae,,dunnii,,Eucalyptus_dunnii
Eucalyptus,Symphyomyrtus,Maidenaria,Bridgesianae,,angophoroides,,Eucalyptus_angophoroides
Eucalyptus,Symphyomyrtus,Maidenaria,Bridgesianae,,bridgesiana,,Eucalyptus_bridgesiana
Eucalyptus,Symphyomyrtus,Maidenaria,Bridgesianae,,malacoxylon,,Eucalyptus_malacoxylon
Eucalyptus,Symphyomyrtus,Maidenaria,Globulares ,Clivosae,nortonii,,Eucalyptus_nortonii
Eucalyptus,Symphyomyrtus,Maidenaria,Globulares ,Clivosae,goniocalyx,viridissima,Eucalyptus_goniocalyx
Eucalyptus,Symphyomyrtus,Maidenaria,Globulares ,Clivosae,goniocalyx,goniocalyx,Eucalyptus_goniocalyx
Eucalyptus,Symphyomyrtus,Maidenaria,Globulares ,Clivosae,goniocalyx,exposa,Eucalyptus_goniocalyx
Eucalyptus,Symphyomyrtus,Maidenaria,Globulares ,Clivosae,banksii,,Eucalyptus_banksii
Eucalyptus,Symphyomyrtus,Maidenaria,Globulares ,Clivosae,sp. Warrumbungles (Brooker 5205),,Eucalyptus_sp.Warrumbungles(Brooker5205)
Eucalyptus,Symphyomyrtus,Maidenaria,Globulares ,Clivosae,volcanica,,Eucalyptus_volcanica
Eucalyptus,Symphyomyrtus,Maidenaria,Globulares ,Clivosae,litoralis,,Eucalyptus_litoralis
Eucalyptus,Symphyomyrtus,Maidenaria,Globulares ,Clivosae,cypellocarpa,,Eucalyptus_cypellocarpa
Eucalyptus,Symphyomyrtus,Maidenaria,Globulares ,Clivosae,carolaniae (= E. cypellocarpa - E. goniocalyx subsp. goniocalyx intergrade),,Eucalyptus_carolaniae
Eucalyptus,Symphyomyrtus,Maidenaria,Globulares ,Clivosae,goniocalyx subsp. fallax (= E. cypellocarpa - E. goniocalyx subsp. goniocalyx intergrade),,Eucalyptus_goniocalyx
Eucalyptus,Symphyomyrtus,Maidenaria,Globulares ,Clivosae,goniocalyx subsp. laxa (= E. cypellocarpa - E. goniocalyx subsp. goniocalyx intergrade),,Eucalyptus_goniocalyx
Eucalyptus,Symphyomyrtus,Maidenaria,Globulares ,Euglobulares ,globulus,,Eucalyptus_globulus
Eucalyptus,Symphyomyrtus,Maidenaria,Globulares ,Euglobulares ,bicostata,,Eucalyptus_bicostata
Eucalyptus,Symphyomyrtus,Maidenaria,Globulares ,Euglobulares ,pseudoglobulus,,Eucalyptus_pseudoglobulus
Eucalyptus,Symphyomyrtus,Maidenaria,Globulares ,Euglobulares ,maidenii,,Eucalyptus_maidenii
Eucalyptus,Symphyomyrtus,Maidenaria,Globulares ,Inter-subseries hybrid,maidenii subsp. × williamsonii (= E. cypellocarpa × E. pseudoglobulus),,Eucalyptus_maidenii
Eucalyptus,Symphyomyrtus,Maidenaria,Foveolatae,,camphora,humeana,Eucalyptus_camphora
Eucalyptus,Symphyomyrtus,Maidenaria,Foveolatae,,camphora,camphora,Eucalyptus_camphora
Eucalyptus,Symphyomyrtus,Maidenaria,Foveolatae,,yarraensis,,Eucalyptus_yarraensis
Eucalyptus,Symphyomyrtus,Maidenaria,Foveolatae,,ovata,ovata,Eucalyptus_ovata
Eucalyptus,Symphyomyrtus,Maidenaria,Foveolatae,,ovata,grandiflora,Eucalyptus_ovata
Eucalyptus,Symphyomyrtus,Maidenaria,Foveolatae,,strzeleckii,,Eucalyptus_strzeleckii
Eucalyptus,Symphyomyrtus,Maidenaria,Foveolatae,,brookeriana,,Eucalyptus_brookeriana
Eucalyptus,Symphyomyrtus,Maidenaria,Foveolatae,,cadens,,Eucalyptus_cadens
Eucalyptus,Symphyomyrtus,Maidenaria,Foveolatae,,aggregata,,Eucalyptus_aggregata
Eucalyptus,Symphyomyrtus,Maidenaria,Foveolatae,,rodwayi,,Eucalyptus_rodwayi
Eucalyptus,Symphyomyrtus,Maidenaria,Foveolatae,,barberi,,Eucalyptus_barberi
Eucalyptus,Symphyomyrtus,Maidenaria,Foveolatae,,× bunyip (= E. camphora subsp. humeana - E. strzeleckii intergrade),,Eucalyptus_bunyip
Eucalyptus,Symphyomyrtus,Maidenaria,Crenulatae ,,crenulata,,Eucalyptus_crenulata
Eucalyptus,Symphyomyrtus,Maidenaria,Tasmaniae,,archeri,,Eucalyptus_archeri
Eucalyptus,Symphyomyrtus,Maidenaria,Tasmaniae,,gunnii,divaricata,Eucalyptus_gunnii
Eucalyptus,Symphyomyrtus,Maidenaria,Tasmaniae,,gunnii,gunnii,Eucalyptus_gunnii
Eucalyptus,Symphyomyrtus,Maidenaria,Tasmaniae,,urnigera,,Eucalyptus_urnigera
Eucalyptus,Symphyomyrtus,Maidenaria,Tasmaniae,,morrisbyi,,Eucalyptus_morrisbyi
Eucalyptus,Symphyomyrtus,Maidenaria,Tasmaniae,,cordata,quadrangulosa,Eucalyptus_cordata
Eucalyptus,Symphyomyrtus,Maidenaria,Tasmaniae,,cordata,cordata,Eucalyptus_cordata
Eucalyptus,Symphyomyrtus,Maidenaria,Semiunicolores,,vernicosa,,Eucalyptus_vernicosa
Eucalyptus,Symphyomyrtus,Maidenaria,Semiunicolores,,subcrenulata,,Eucalyptus_subcrenulata
Eucalyptus,Symphyomyrtus,Maidenaria,Semiunicolores,,johnstonii,,Eucalyptus_johnstonii
Eucalyptus,Symphyomyrtus,Maidenaria,Recurvae,,recurva,,Eucalyptus_recurva
Eucalyptus,Symphyomyrtus,Maidenaria,Sturgissianae ,,sturgissiana,,Eucalyptus_sturgissiana
Eucalyptus,Symphyomyrtus,Maidenaria,Viminales,Circulares,perriniana,perriniana,Eucalyptus_perriniana
Eucalyptus,Symphyomyrtus,Maidenaria,Viminales,Circulares,perriniana,familiaris,Eucalyptus_perriniana
Eucalyptus,Symphyomyrtus,Maidenaria,Viminales,Circulares,pulverulenta,,Eucalyptus_pulverulenta
Eucalyptus,Symphyomyrtus,Maidenaria,Viminales,Circulares,glaucescens,,Eucalyptus_glaucescens
Eucalyptus,Symphyomyrtus,Maidenaria,Viminales,Circulares,saxatilis,,Eucalyptus_saxatilis
Eucalyptus,Symphyomyrtus,Maidenaria,Viminales,Circulares,canobolensis,,Eucalyptus_canobolensis
Eucalyptus,Symphyomyrtus,Maidenaria,Viminales,Circulares,rubida,rubida,Eucalyptus_rubida
Eucalyptus,Symphyomyrtus,Maidenaria,Viminales,Circulares,rubida,barbigerorum,Eucalyptus_rubida
Eucalyptus,Symphyomyrtus,Maidenaria,Viminales,Circulares,dalrympleana,poliophylla,Eucalyptus_dalrympleana
Eucalyptus,Symphyomyrtus,Maidenaria,Viminales,Circulares,dalrympleana,heptantha,Eucalyptus_dalrympleana
Eucalyptus,Symphyomyrtus,Maidenaria,Viminales,Circulares,dalrympleana,dalrympleana,Eucalyptus_dalrympleana
Eucalyptus,Symphyomyrtus,Maidenaria,Viminales,Circulares,dalrympleana,lutruwita,Eucalyptus_dalrympleana
Eucalyptus,Symphyomyrtus,Maidenaria,Viminales,Circulares,chapmaniana,,Eucalyptus_chapmaniana
Eucalyptus,Symphyomyrtus,Maidenaria,Viminales,Circulares,lactea,,Eucalyptus_lactea
Eucalyptus,Symphyomyrtus,Maidenaria,Viminales,Circulares,elliptica,,Eucalyptus_elliptica
Eucalyptus,Symphyomyrtus,Maidenaria,Viminales,Circulares,cinerea,cinerea,Eucalyptus_cinerea
Eucalyptus,Symphyomyrtus,Maidenaria,Viminales,Circulares,cinerea,triplex,Eucalyptus_cinerea
Eucalyptus,Symphyomyrtus,Maidenaria,Viminales,Circulares,alligatrix,alligatrix,Eucalyptus_alligatrix
Eucalyptus,Symphyomyrtus,Maidenaria,Viminales,Circulares,alligatrix,miscella,Eucalyptus_alligatrix
Eucalyptus,Symphyomyrtus,Maidenaria,Viminales,Circulares,conspicua,conspicua,Eucalyptus_conspicua
Eucalyptus,Symphyomyrtus,Maidenaria,Viminales,Circulares,conspicua,dispar,Eucalyptus_conspicua
Eucalyptus,Symphyomyrtus,Maidenaria,Viminales,Circulares,cephalocarpa,,Eucalyptus_cephalocarpa
Eucalyptus,Symphyomyrtus,Maidenaria,Viminales,Lanceolatae,parvula,,Eucalyptus_parvula
Eucalyptus,Symphyomyrtus,Maidenaria,Viminales,Lanceolatae,kartzoffiana,,Eucalyptus_kartzoffiana
Eucalyptus,Symphyomyrtus,Maidenaria,Viminales,Lanceolatae,badjensis,,Eucalyptus_badjensis
Eucalyptus,Symphyomyrtus,Maidenaria,Viminales,Lanceolatae,smithii,,Eucalyptus_smithii
Eucalyptus,Symphyomyrtus,Maidenaria,Viminales,Lanceolatae,wilcoxii,,Eucalyptus_wilcoxii
Eucalyptus,Symphyomyrtus,Maidenaria,Viminales,Lanceolatae,baeuerlenii,,Eucalyptus_baeuerlenii
Eucalyptus,Symphyomyrtus,Maidenaria,Viminales,Lanceolatae,imlayensis,,Eucalyptus_imlayensis
Eucalyptus,Symphyomyrtus,Maidenaria,Viminales,Lanceolatae,elaeophloia,,Eucalyptus_elaeophloia
Eucalyptus,Symphyomyrtus,Maidenaria,Viminales,Lanceolatae,kitsoniana,,Eucalyptus_kitsoniana
Eucalyptus,Symphyomyrtus,Maidenaria,Viminales,Lanceolatae,viminalis,viminalis,Eucalyptus_viminalis
Eucalyptus,Symphyomyrtus,Maidenaria,Viminales,Lanceolatae,viminalis,pryoriana,Eucalyptus_viminalis
Eucalyptus,Symphyomyrtus,Maidenaria,Viminales,Lanceolatae,viminalis,cygnetensis,Eucalyptus_viminalis
Eucalyptus,Symphyomyrtus,Maidenaria,Viminales,Lanceolatae,viminalis,siliceana,Eucalyptus_viminalis
Eucalyptus,Symphyomyrtus,Maidenaria,Viminales,Lanceolatae,nobilis,,Eucalyptus_nobilis
Eucalyptus,Symphyomyrtus,Maidenaria,Viminales,Lanceolatae,splendens,,Eucalyptus_splendens
Eucalyptus,Symphyomyrtus,Maidenaria,Viminales,Lanceolatae,arcana,,Eucalyptus_arcana
Eucalyptus,Symphyomyrtus,Maidenaria,Viminales,Lanceolatae,aromaphloia,,Eucalyptus_aromaphloia
Eucalyptus,Symphyomyrtus,Maidenaria,Viminales,Lanceolatae,sabulosa,,Eucalyptus_sabulosa
Eucalyptus,Symphyomyrtus,Maidenaria,Viminales,Lanceolatae,conferta,,Eucalyptus_conferta
Eucalyptus,Symphyomyrtus,Maidenaria,Viminales,Lanceolatae,corticosa,,Eucalyptus_corticosa
Eucalyptus,Symphyomyrtus,Maidenaria,Viminales,Lanceolatae,ignorabilis,,Eucalyptus_ignorabilis
Eucalyptus,Symphyomyrtus,Maidenaria,Viminales,Lanceolatae,fulgens,,Eucalyptus_fulgens
Eucalyptus,Symphyomyrtus,Maidenaria,Viminales,Lanceolatae,acaciiformis,,Eucalyptus_acaciiformis
Eucalyptus,Symphyomyrtus,Maidenaria,Viminales,Lanceolatae,nicholii,,Eucalyptus_nicholii
Eucalyptus,Symphyomyrtus,Maidenaria,Viminales,Lanceolatae,nova-anglica,,Eucalyptus_nova-anglica
Eucalyptus,Symphyomyrtus,Maidenaria,Viminales,Lanceolatae,mannifera,gullickii,Eucalyptus_mannifera
Eucalyptus,Symphyomyrtus,Maidenaria,Viminales,Lanceolatae,mannifera,mannifera,Eucalyptus_mannifera
Eucalyptus,Symphyomyrtus,Maidenaria,Viminales,Lanceolatae,scoparia,,Eucalyptus_scoparia
Eucalyptus,Symphyomyrtus,Maidenaria,Viminales,Lanceolatae,benthamii,,Eucalyptus_benthamii
Eucalyptus,Symphyomyrtus,Maidenaria,Viminales,Lanceolatae,dorrigoensis,,Eucalyptus_dorrigoensis
Eucalyptus,Symphyomyrtus,Maidenaria,Viminales,Lanceolatae,macarthurii,,Eucalyptus_macarthurii
Eucalyptus,Symphyomyrtus,Maidenaria,Inter-series hybrid,,viminalis subsp. × hentyensis (= E. ovata subsp. ovata × E. viminalis subsp. viminalis),,Eucalyptus_viminalis
Eucalyptus,Symphyomyrtus,Inter-sectional hybrid,,,× ‘desquamata’ ms (= E. cajuputea × E. percostata),,Eucalyptus_desquamata
Eucalyptus,Symphyomyrtus,Inter-sectional hybrid,,,× graniticola (= E. drummondii × E. rudis subsp. rudis),,Eucalyptus_graniticola
Eucalyptus,Symphyomyrtus,Inter-sectional hybrid,,,× macmahonii (= E. phenax subsp. phenax × E. wimmerensis),,Eucalyptus_macmahonii
Eucalyptus,Symphyomyrtus,Inter-sectional hybrid,,,× mcintyrensis (= E. camaldulensis subsp. camaldulensis × E. ovata subsp. grandiflora),,Eucalyptus_mcintyrensis
Eucalyptus,Symphyomyrtus,Inter-sectional hybrid,,,× missilis (= E. angulosa × E. cornuta),,Eucalyptus_missilis
Eucalyptus,Symphyomyrtus,Inter-sectional hybrid,,,× mundijongensis (= E. gomphocephala × E. wandoo subsp. wandoo),,Eucalyptus_mundijongensis
Eucalyptus,Symphyomyrtus,Inter-sectional hybrid,,,× oxypoma (= E. camaldulensis subsp. camaldulensis × E. largiflorens),,Eucalyptus_oxypoma
Eucalyptus,Symphyomyrtus,Inter-sectional hybrid,,,× patentinervis (= E. robusta × E. tereticornis subsp. tereticornis),,Eucalyptus_patentinervis
Eucalyptus,Symphyomyrtus,Inter-sectional hybrid,,,× solitaris ms (= E. dumosa × E. wimmerensis),,Eucalyptus_solitaris
Eucalyptus,Symphyomyrtus,Inter-sectional hybrid,,,× studleyensis (= E. camaldulensis subsp. camaldulensis × E. ovata subsp. ovata),,Eucalyptus_studleyensis
Eucalyptus,Symphyomyrtus,Inter-sectional hybrid,,,× subviridis (= E. blakelyi × E. cinerea),,Eucalyptus_subviridis
Eucalyptus,Symphyomyrtus,Inter-sectional hybrid,,,yumbarrana × subsp. striata (= E. canescens subsp. canescens × E. vokesensis),,Eucalyptus_yumbarrana
Eucalyptus,Idiogenes ,,,,cloeziana,cloeziana,Eucalyptus_cloeziana
Eucalyptus,Idiogenes ,,,,cloeziana,‘stannariensis’ ms,Eucalyptus_cloeziana
Eucalyptus,Idiogenes ,,,,cloeziana,Gympie (Nicolle 8167),Eucalyptus_cloeziana
Eucalyptus,Idiogenes ,,,,cloeziana,Inland South Queensland (Nicolle 696),Eucalyptus_cloeziana
Eucalyptus,Eucalyptus,‘Primitiva’ ms,,,rubiginosa,,Eucalyptus_rubiginosa
Eucalyptus,Eucalyptus,Eucalyptus,White-mahoganies,,helidonica,,Eucalyptus_helidonica
Eucalyptus,Eucalyptus,Eucalyptus,White-mahoganies,,acmenoides,,Eucalyptus_acmenoides
Eucalyptus,Eucalyptus,Eucalyptus,White-mahoganies,,mediocris,,Eucalyptus_mediocris
Eucalyptus,Eucalyptus,Eucalyptus,White-mahoganies,,apothalassica,,Eucalyptus_apothalassica
Eucalyptus,Eucalyptus,Eucalyptus,White-mahoganies,,psammitica,,Eucalyptus_psammitica
Eucalyptus,Eucalyptus,Eucalyptus,White-mahoganies,,carnea,,Eucalyptus_carnea
Eucalyptus,Eucalyptus,Eucalyptus,White-mahoganies,,umbra,,Eucalyptus_umbra
Eucalyptus,Eucalyptus,Eucalyptus,White-mahoganies,,latisinensis,,Eucalyptus_latisinensis
Eucalyptus,Eucalyptus,Eucalyptus,Pseudostringybarks,,pyrocarpa,,Eucalyptus_pyrocarpa
Eucalyptus,Eucalyptus,Eucalyptus,Pseudostringybarks,,pilularis,,Eucalyptus_pilularis
Eucalyptus,Eucalyptus,Eucalyptus,Regnantes ,,fastigata,,Eucalyptus_fastigata
Eucalyptus,Eucalyptus,Eucalyptus,Regnantes ,,regnans,,Eucalyptus_regnans
Eucalyptus,Eucalyptus,Eucalyptus,Eucalyptus ,,obliqua,,Eucalyptus_obliqua
Eucalyptus,Eucalyptus,Eucalyptus,Pachyphloiae,,muelleriana,,Eucalyptus_muelleriana
Eucalyptus,Eucalyptus,Eucalyptus,Pachyphloiae,,laevopinea,,Eucalyptus_laevopinea
Eucalyptus,Eucalyptus,Eucalyptus,Pachyphloiae,,sp. Woodsreef (Nicolle 8070),,Eucalyptus_sp.Woodsreef(Nicolle8070)
Eucalyptus,Eucalyptus,Eucalyptus,Pachyphloiae,,macrorhyncha ,cannonii,Eucalyptus_macrorhyncha
Eucalyptus,Eucalyptus,Eucalyptus,Pachyphloiae,,macrorhyncha ,macrorhyncha,Eucalyptus_macrorhyncha
Eucalyptus,Eucalyptus,Eucalyptus,Pachyphloiae,,mackintii,,Eucalyptus_mackintii
Eucalyptus,Eucalyptus,Eucalyptus,Pachyphloiae,,prominula,,Eucalyptus_prominula
Eucalyptus,Eucalyptus,Eucalyptus,Pachyphloiae,,youmanii,,Eucalyptus_youmanii
Eucalyptus,Eucalyptus,Eucalyptus,Pachyphloiae,,williamsiana,,Eucalyptus_williamsiana
Eucalyptus,Eucalyptus,Eucalyptus,Pachyphloiae,,cameronii,,Eucalyptus_cameronii
Eucalyptus,Eucalyptus,Eucalyptus,Pachyphloiae,,mckieana,,Eucalyptus_mckieana
Eucalyptus,Eucalyptus,Eucalyptus,Pachyphloiae,,tenella,,Eucalyptus_tenella
Eucalyptus,Eucalyptus,Eucalyptus,Pachyphloiae,,ligustrina,,Eucalyptus_ligustrina
Eucalyptus,Eucalyptus,Eucalyptus,Pachyphloiae,,sparsifolia,,Eucalyptus_sparsifolia
Eucalyptus,Eucalyptus,Eucalyptus,Pachyphloiae,,globoidea,,Eucalyptus_globoidea
Eucalyptus,Eucalyptus,Eucalyptus,Pachyphloiae,,imitans,,Eucalyptus_imitans
Eucalyptus,Eucalyptus,Eucalyptus,Pachyphloiae,,conglomerata,,Eucalyptus_conglomerata
Eucalyptus,Eucalyptus,Eucalyptus,Pachyphloiae,,tindaliae,,Eucalyptus_tindaliae
Eucalyptus,Eucalyptus,Eucalyptus,Pachyphloiae,,caliginosa,,Eucalyptus_caliginosa
Eucalyptus,Eucalyptus,Eucalyptus,Pachyphloiae,,erosa,,Eucalyptus_erosa
Eucalyptus,Eucalyptus,Eucalyptus,Pachyphloiae,,eugenioides,,Eucalyptus_eugenioides
Eucalyptus,Eucalyptus,Eucalyptus,Pachyphloiae,,expressa,,Eucalyptus_expressa
Eucalyptus,Eucalyptus,Eucalyptus,Pachyphloiae,,blaxlandii,,Eucalyptus_blaxlandii
Eucalyptus,Eucalyptus,Eucalyptus,Pachyphloiae,,subcaerulea,,Eucalyptus_subcaerulea
Eucalyptus,Eucalyptus,Eucalyptus,Pachyphloiae,,agglomerata,,Eucalyptus_agglomerata
Eucalyptus,Eucalyptus,Eucalyptus,Pachyphloiae,,capitellata,,Eucalyptus_capitellata
Eucalyptus,Eucalyptus,Eucalyptus,Pachyphloiae,,bensonii,,Eucalyptus_bensonii
Eucalyptus,Eucalyptus,Eucalyptus,Pachyphloiae,,camfieldii,,Eucalyptus_camfieldii
Eucalyptus,Eucalyptus,Eucalyptus,Pachyphloiae,,aurifodina,,Eucalyptus_aurifodina
Eucalyptus,Eucalyptus,Eucalyptus,Pachyphloiae,,arenacea,,Eucalyptus_arenacea
Eucalyptus,Eucalyptus,Eucalyptus,Pachyphloiae,,baxteri,,Eucalyptus_baxteri
Eucalyptus,Eucalyptus,Eucalyptus,Pachyphloiae,,victoriana,,Eucalyptus_victoriana
Eucalyptus,Eucalyptus,Eucalyptus,Pachyphloiae,,serraensis,serraensis,Eucalyptus_serraensis
Eucalyptus,Eucalyptus,Eucalyptus,Pachyphloiae,,serraensis,verrucata,Eucalyptus_serraensis
Eucalyptus,Eucalyptus,Eucalyptus,Pachyphloiae,,alpina (= E. baxteri - E. serraensis subsp. serraensis intergrade),,Eucalyptus_alpina
Eucalyptus,Eucalyptus,Eucalyptus,Pachyphloiae,,× conjuncta (= E. eugenioides × E. sparsifolia),,Eucalyptus_conjuncta
Eucalyptus,Eucalyptus,Eucalyptus,Olsenianae,,boliviana,,Eucalyptus_boliviana
Eucalyptus,Eucalyptus,Eucalyptus,Olsenianae,,deuaensis,,Eucalyptus_deuaensis
Eucalyptus,Eucalyptus,Eucalyptus,Olsenianae,,olsenii,,Eucalyptus_olsenii
Eucalyptus,Eucalyptus,Eucalyptus,Strictae,Irregulares ,langleyi,,Eucalyptus_langleyi
Eucalyptus,Eucalyptus,Eucalyptus,Strictae,Irregulares ,triflora,,Eucalyptus_triflora
Eucalyptus,Eucalyptus,Eucalyptus,Strictae,Irregulares ,dendromorpha,,Eucalyptus_dendromorpha
Eucalyptus,Eucalyptus,Eucalyptus,Strictae,Irregulares ,burgessiana,,Eucalyptus_burgessiana
Eucalyptus,Eucalyptus,Eucalyptus,Strictae,Irregulares ,spectatrix,,Eucalyptus_spectatrix
Eucalyptus,Eucalyptus,Eucalyptus,Strictae,Irregulares ,stricta,,Eucalyptus_stricta
Eucalyptus,Eucalyptus,Eucalyptus,Strictae,Irregulares ,apiculata,,Eucalyptus_apiculata
Eucalyptus,Eucalyptus,Eucalyptus,Strictae,Regulares,cunninghamii,Grose Valley (Nicolle 5868),Eucalyptus_cunninghamii
Eucalyptus,Eucalyptus,Eucalyptus,Strictae,Regulares,cunninghamii,cunninghamii,Eucalyptus_cunninghamii
Eucalyptus,Eucalyptus,Eucalyptus,Strictae,Regulares,approximans,,Eucalyptus_approximans
Eucalyptus,Eucalyptus,Eucalyptus,Strictae,Regulares,microcodon,,Eucalyptus_microcodon
Eucalyptus,Eucalyptus,Eucalyptus,Strictae,Regulares,codonocarpa,,Eucalyptus_codonocarpa
Eucalyptus,Eucalyptus,Eucalyptus,Strictae,Regulares,paliformis,,Eucalyptus_paliformis
Eucalyptus,Eucalyptus,Eucalyptus,Strictae,Regulares,kybeanensis,,Eucalyptus_kybeanensis
Eucalyptus,Eucalyptus,Eucalyptus,Longitudinales,,mitchelliana,,Eucalyptus_mitchelliana
Eucalyptus,Eucalyptus,Eucalyptus,Longitudinales,,stellulata,,Eucalyptus_stellulata
Eucalyptus,Eucalyptus,Eucalyptus,Longitudinales,,moorei,moorei,Eucalyptus_moorei
Eucalyptus,Eucalyptus,Eucalyptus,Longitudinales,,moorei,serpentinicola,Eucalyptus_moorei
Eucalyptus,Eucalyptus,Eucalyptus,Radiatae,,elata,,Eucalyptus_elata
Eucalyptus,Eucalyptus,Eucalyptus,Radiatae,,croajingolensis,,Eucalyptus_croajingolensis
Eucalyptus,Eucalyptus,Eucalyptus,Radiatae,,radiata,robertsonii,Eucalyptus_radiata
Eucalyptus,Eucalyptus,Eucalyptus,Radiatae,,radiata,radiata,Eucalyptus_radiata
Eucalyptus,Eucalyptus,Eucalyptus,Radiatae,,radiata,sejuncta,Eucalyptus_radiata
Eucalyptus,Eucalyptus,Eucalyptus,Radiatae,,dives,,Eucalyptus_dives
Eucalyptus,Eucalyptus,Eucalyptus,Radiatae,,willisii,,Eucalyptus_willisii
Eucalyptus,Eucalyptus,Eucalyptus,Radiatae,,arenicola,,Eucalyptus_arenicola
Eucalyptus,Eucalyptus,Eucalyptus,Radiatae,,falciformis,,Eucalyptus_falciformis
Eucalyptus,Eucalyptus,Eucalyptus,Radiatae,,molyneuxii,,Eucalyptus_molyneuxii
Eucalyptus,Eucalyptus,Eucalyptus,Radiatae,,pulchella,,Eucalyptus_pulchella
Eucalyptus,Eucalyptus,Eucalyptus,Radiatae,,amygdalina,,Eucalyptus_amygdalina
Eucalyptus,Eucalyptus,Eucalyptus,Radiatae,,nitida,,Eucalyptus_nitida
Eucalyptus,Eucalyptus,Eucalyptus,Radiatae,,nebulosa,,Eucalyptus_nebulosa
Eucalyptus,Eucalyptus,Eucalyptus,Radiatae,,coccifera,,Eucalyptus_coccifera
Eucalyptus,Eucalyptus,Eucalyptus,Radiatae,,tenuiramis,,Eucalyptus_tenuiramis
Eucalyptus,Eucalyptus,Eucalyptus,Radiatae,,risdonii,,Eucalyptus_risdonii
Eucalyptus,Eucalyptus,Eucalyptus,Radiatae,,ambigua (= E. nitida - E. tenuiramis intergrade),,Eucalyptus_ambigua
Eucalyptus,Eucalyptus,Eucalyptus,Radiatae,,robertsonii × subsp. hemispherica (= E. dives × E. radiata subsp. robertsonii),,Eucalyptus_robertsonii
Eucalyptus,Eucalyptus,Eucalyptus,Pauciflorae,,lacrimans,,Eucalyptus_lacrimans
Eucalyptus,Eucalyptus,Eucalyptus,Pauciflorae,,pauciflora,hedraia,Eucalyptus_pauciflora
Eucalyptus,Eucalyptus,Eucalyptus,Pauciflorae,,pauciflora,debeuzevillei,Eucalyptus_pauciflora
Eucalyptus,Eucalyptus,Eucalyptus,Pauciflorae,,pauciflora,niphophila,Eucalyptus_pauciflora
Eucalyptus,Eucalyptus,Eucalyptus,Pauciflorae,,pauciflora,acerina,Eucalyptus_pauciflora
Eucalyptus,Eucalyptus,Eucalyptus,Pauciflorae,,pauciflora,pauciflora,Eucalyptus_pauciflora
Eucalyptus,Eucalyptus,Eucalyptus,Pauciflorae,,pauciflora,parvifructa,Eucalyptus_pauciflora
Eucalyptus,Eucalyptus,Eucalyptus,Pauciflorae,,gregsoniana,,Eucalyptus_gregsoniana
Eucalyptus,Eucalyptus,Eucalyptus,Fraxinales,,luehmanniana,,Eucalyptus_luehmanniana
Eucalyptus,Eucalyptus,Eucalyptus,Fraxinales,,fraxinoides,,Eucalyptus_fraxinoides
Eucalyptus,Eucalyptus,Eucalyptus,Fraxinales,,oreades,,Eucalyptus_oreades
Eucalyptus,Eucalyptus,Eucalyptus,Fraxinales,,delegatensis,,Eucalyptus_delegatensis
Eucalyptus,Eucalyptus,Eucalyptus,Fraxinales,,tasmaniensis,,Eucalyptus_tasmaniensis
Eucalyptus,Eucalyptus,Eucalyptus,Fraxinales,,sphaerocarpa,,Eucalyptus_sphaerocarpa
Eucalyptus,Eucalyptus,Eucalyptus,Planchonianae,,planchoniana,,Eucalyptus_planchoniana
Eucalyptus,Eucalyptus,Eucalyptus,Psathyroxyla ,Considenianae ,sieberi,,Eucalyptus_sieberi
Eucalyptus,Eucalyptus,Eucalyptus,Psathyroxyla ,Considenianae ,consideniana,,Eucalyptus_consideniana
Eucalyptus,Eucalyptus,Eucalyptus,Psathyroxyla ,Considenianae ,multicaulis,,Eucalyptus_multicaulis
Eucalyptus,Eucalyptus,Eucalyptus,Psathyroxyla ,Considenianae ,remota,,Eucalyptus_remota
Eucalyptus,Eucalyptus,Eucalyptus,Psathyroxyla ,Considenianae ,andrewsii,,Eucalyptus_andrewsii
Eucalyptus,Eucalyptus,Eucalyptus,Psathyroxyla ,Considenianae ,campanulata,,Eucalyptus_campanulata
Eucalyptus,Eucalyptus,Eucalyptus,Psathyroxyla ,Considenianae ,olida,,Eucalyptus_olida
Eucalyptus,Eucalyptus,Eucalyptus,Psathyroxyla ,Haemastomae,haemastoma,,Eucalyptus_haemastoma
Eucalyptus,Eucalyptus,Eucalyptus,Psathyroxyla ,Haemastomae,racemosa,,Eucalyptus_racemosa
Eucalyptus,Eucalyptus,Eucalyptus,Psathyroxyla ,Haemastomae,rossii,,Eucalyptus_rossii
Eucalyptus,Eucalyptus,Eucalyptus,Stenostomae ,,stenostoma,,Eucalyptus_stenostoma
Eucalyptus,Eucalyptus,Eucalyptus,Piperitales ,,piperita ,urceolaris,Eucalyptus_piperita
Eucalyptus,Eucalyptus,Eucalyptus,Piperitales ,,piperita ,piperita,Eucalyptus_piperita
Eucalyptus,Eucalyptus,Eucalyptus,Inter-series hybrid,,× phoenix (= E. kybeanensis × E. stellulata),,Eucalyptus_phoenix
Eucalyptus,Eucalyptus,Longistylus,‘Pedaria’ ms,,brevistylis,,Eucalyptus_brevistylis
Eucalyptus,Eucalyptus,Longistylus,Jacksoniae ,,jacksonii,,Eucalyptus_jacksonii
Eucalyptus,Eucalyptus,Longistylus,Occidentales,,marginata,thalassica,Eucalyptus_marginata
Eucalyptus,Eucalyptus,Longistylus,Occidentales,,marginata,Dull leaf (Nicolle 7220),Eucalyptus_marginata
Eucalyptus,Eucalyptus,Longistylus,Occidentales,,marginata,marginata,Eucalyptus_marginata
Eucalyptus,Eucalyptus,Longistylus,Occidentales,,staeri,,Eucalyptus_staeri
Eucalyptus,Eucalyptus,Longistylus,Patentes ,,patens,,Eucalyptus_patens
Eucalyptus,Eucalyptus,‘Frutices’ ms,Diversiformae,Neuropterae,diversifolia,diversifolia,Eucalyptus_diversifolia
Eucalyptus,Eucalyptus,‘Frutices’ ms,Diversiformae,Neuropterae,diversifolia,hesperia,Eucalyptus_diversifolia
Eucalyptus,Eucalyptus,‘Frutices’ ms,Diversiformae,Neuropterae,platydisca,,Eucalyptus_platydisca
Eucalyptus,Eucalyptus,‘Frutices’ ms,Diversiformae,Neuropterae,pachyloma,,Eucalyptus_pachyloma
Eucalyptus,Eucalyptus,‘Frutices’ ms,Diversiformae,Neuropterae,todtiana,,Eucalyptus_todtiana
Eucalyptus,Eucalyptus,‘Frutices’ ms,Diversiformae,Neuropterae,dolorosa,,Eucalyptus_dolorosa
Eucalyptus,Eucalyptus,‘Frutices’ ms,Diversiformae,Cochleatae ,buprestium,,Eucalyptus_buprestium
Eucalyptus,Eucalyptus,‘Frutices’ ms,Diversiformae,Inter-subseries hybrid,× erectifolia (= E. buprestium × E. pachyloma),,Eucalyptus_erectifolia
Eucalyptus,Eucalyptus,‘Frutices’ ms,Subereae,,suberea,,Eucalyptus_suberea
Eucalyptus,Eucalyptus,‘Frutices’ ms,Subereae,,johnsoniana,,Eucalyptus_johnsoniana
Eucalyptus,Eucalyptus,‘Frutices’ ms,Muricatae ,,exilis,,Eucalyptus_exilis
Eucalyptus,Eucalyptus,‘Frutices’ ms,Muricatae ,,pendens,,Eucalyptus_pendens
Eucalyptus,Eucalyptus,‘Frutices’ ms,Muricatae ,,sepulcralis,,Eucalyptus_sepulcralis
Eucalyptus,Eucalyptus,‘Frutices’ ms,Calcicolae ,,calcicola ,calcicola,Eucalyptus_calcicola
Eucalyptus,Eucalyptus,‘Frutices’ ms,Calcicolae ,,calcicola ,unita,Eucalyptus_calcicola
Eucalyptus,Eucalyptus,‘Frutices’ ms,Calcicolae ,,ligulata ,ligulata,Eucalyptus_ligulata
Eucalyptus,Eucalyptus,‘Frutices’ ms,Calcicolae ,,ligulata ,stirlingica,Eucalyptus_ligulata
Eucalyptus,Eucalyptus,‘Frutices’ ms,Proximae ,,acies,,Eucalyptus_acies
Eucalyptus,Eucalyptus,‘Frutices’ ms,Preissianae ,Glandulares ,coronata,,Eucalyptus_coronata
Eucalyptus,Eucalyptus,‘Frutices’ ms,Preissianae ,Glandulares ,aquilina,,Eucalyptus_aquilina
Eucalyptus,Eucalyptus,‘Frutices’ ms,Preissianae ,Glandulares ,megacarpa,,Eucalyptus_megacarpa
Eucalyptus,Eucalyptus,‘Frutices’ ms,Preissianae ,Pluriloculares ,preissiana,lobata,Eucalyptus_preissiana
Eucalyptus,Eucalyptus,‘Frutices’ ms,Preissianae ,Pluriloculares ,preissiana,preissiana,Eucalyptus_preissiana
Eucalyptus,Eucalyptus,‘Frutices’ ms,Insulares,,insularis ,insularis,Eucalyptus_insularis
Eucalyptus,Eucalyptus,‘Frutices’ ms,Insulares,,insularis ,continentalis,Eucalyptus_insularis
Eucalyptus,Eucalyptus,‘Frutices’ ms,Inter-series hybrid,,× chrysantha (= E. preissiana subsp. preissiana × E. sepulcralis),,Eucalyptus_chrysantha
Eucalyptus,Eucalyptus,‘Frutices’ ms,Inter-series hybrid,,× lateritica (= E. suberea × E. todtiana),,Eucalyptus_lateritica
Eucalyptus,Eucalyptus,Inter-sectional hybrid,,,× angularis (= E. exilis × E. marginata subsp. marginata),,Eucalyptus_angularis
Eucalyptus,Eucalyptus,Inter-sectional hybrid,,,× kalganensis (= E. marginata subsp. marginata × E. preissiana subsp. preissiana),,Eucalyptus_kalganensis
